Make,Model,Model Year,Mileage,ADS Equipped?,Incident Date,Incident Time (24:00),City,State,Roadway Type,Roadway Surface,Roadway Description,Posted Speed Limit (MPH),Lighting,Weather - Clear,Weather - Snow,Weather - Cloudy,Weather - Fog/Smoke,Weather - Rain,Weather - Severe Wind,Highest Injury Severity Alleged,Property Damage?,SV Pre-Crash Movement,SV Any Air Bags Deployed?,SV Was Vehicle Towed?,SV Were All Passengers Belted?,SV Precrash Speed (MPH),Weather
Jaguar,I-Pace,2024.0,25984.0,Yes,JUL-2024,11:29,Phoenix,AZ ,Parking Lot,Dry,No Unusual Conditions,5.0,Daylight,Clear, , , , , ,No Injuries Reported,Yes,Stopped,No,No,Yes,0.0,Clear
Jaguar,I-Pace,2024.0,4329.0,Yes,JUL-2024,11:06,Austin,TX ,Street,Dry,No Unusual Conditions,40.0,Daylight, , ,Cloudy, , , ,No Injuries Reported,Yes,Stopped,No,No,Yes,0.0,Cloudy
Jaguar,I-Pace,2024.0,26111.0,Yes,JUL-2024,11:36,Tempe,AZ ,Parking Lot,Dry,No Unusual Conditions,15.0,Daylight,Clear, , , , , ,No Injuries Reported,Yes,Parked,No,No,No Passengers in Vehicle,0.0,Clear
Jaguar,I-Pace,2024.0,18992.0,Yes,JUL-2024,08:18,Phoenix,AZ ,Street,Dry,No Unusual Conditions,40.0,Daylight,Clear, , , , , ,No Injuries Reported,Yes,Proceeding Straight,No,No,No Passengers in Vehicle,2.0,Clear
Jaguar,I-Pace,2021.0,135319.0,Yes,JUL-2024,16:00,Chandler,AZ ,Parking Lot,Dry,No Unusual Conditions,10.0,Daylight,Clear, , , , , ,No Injuries Reported,Yes,Making Left Turn,No,No,"No, see Narrative",5.0,Clear
Jaguar,I-Pace,2021.0,91896.0,Yes,JUL-2024,20:27,Phoenix,AZ ,Parking Lot,Dry,No Unusual Conditions,5.0,Dark - Lighted,Clear, , , , , ,Minor,Yes,Parked,No,No,Yes,0.0,Clear
Toyota,Highlander,2017.0,115923.0,Yes,AUG-2024,17:53,Spring Valley,NV ,Street,Dry,No Unusual Conditions,45.0,Daylight,Clear, , , , , ,Unknown,Yes,Proceeding Straight,No,No,Yes,4.0,Clear
Jaguar,I-Pace,2021.0,138814.0,Yes,AUG-2024,18:25,Scottsdale,AZ ,Parking Lot,Dry,No Unusual Conditions,15.0,Daylight,Clear, , , , , ,No Injuries Reported,Yes,Proceeding Straight,No,No,No Passengers in Vehicle,1.0,Clear
Jaguar,I-Pace,2021.0,139899.0,Yes,AUG-2024,12:24,Scottsdale,AZ ,Street,Dry,No Unusual Conditions,45.0,Daylight,Clear, , , , , ,No Injuries Reported,Yes,Proceeding Straight,No,Yes,Yes,44.0,Clear
Jaguar,I-Pace,2021.0,160918.0,Yes,AUG-2024,10:03,Scottsdale,AZ ,Street,Dry,"Other, see Narrative",45.0,Daylight,Clear, , , , , ,Moderate,Yes,Stopped,No,No,Yes,0.0,Clear
Jaguar,I-Pace,2021.0,160918.0,Yes,AUG-2024,10:03,Scottsdale,AZ ,Street,Dry,"Other, see Narrative",45.0,Daylight,Clear, , , , , ,Moderate,Yes,Stopped,No,No,Yes,0.0,Clear
Jaguar,I-Pace,2024.0,26823.0,Yes,AUG-2024,14:21,Phoenix,AZ ,Parking Lot,Dry,No Unusual Conditions,15.0,Daylight,Clear, , , , , ,No Injuries Reported,Yes,Stopped,No,Yes,"No, see Narrative",0.0,Clear
Toyota,Sienna,2022.0,11837.0,Yes,JUL-2024,12:57,Miami,FL ,Street,Dry,No Unusual Conditions,35.0,Daylight,Clear, , , , , ,No Injuries Reported,No,Changing Lanes,No,No,Yes,15.0,Clear
Toyota,Siennaa,2022.0,10326.0,Yes,JUL-2024,08:40,Miami,FL ,Street,Dry,No Unusual Conditions,30.0,Daylight,Clear, , , , , ,No Injuries Reported,No,Stopped,No,No,Yes,0.0,Clear
Toyota,Highlander,2017.0,115923.0,Yes,AUG-2024,17:53,Spring Valley,NV ,Street,Dry,No Unusual Conditions,45.0,Daylight,Clear, , , , , ,Unknown,Yes,Proceeding Straight,No,No,Yes,4.0,Clear
Jaguar,I-Pace,2021.0,127153.0,Yes,JUL-2024,03:07,Scottsdale,AZ ,Intersection,Dry,No Unusual Conditions,45.0,Dark - Lighted,Clear, , , , , ,Unknown,Yes,Proceeding Straight,No,Yes,Yes,44.0,Clear
Jaguar,I-Pace,2024.0,30108.0,Yes,JUL-2024,22:53,Phoenix,AZ ,Street,Dry,No Unusual Conditions,35.0,Dark - Lighted,Clear, , , , , ,Unknown,Yes,Lane / Road Departure,Yes,Yes,No Passengers in Vehicle,8.0,Clear
Jaguar,I-Pace,2021.0,127153.0,Yes,JUL-2024,03:07,Scottsdale,AZ ,Intersection,Dry,No Unusual Conditions,45.0,Dark - Lighted,Clear, , , , , ,Unknown,Yes,Proceeding Straight,No,Yes,Yes,44.0,Clear
Toyota,Sienna,2022.0,15976.0,Yes,JUL-2024,13:57,Miami,FL ,Street,Dry,No Unusual Conditions,25.0,Daylight,Clear, , , , , ,No Injuries Reported,No,Stopped,No,No,Yes,0.0,Clear
Jaguar,I-Pace,2024.0,30107.0,Yes,JUL-2024,22:53,Phoenix,AZ ,Street,Dry,No Unusual Conditions,35.0,Dark - Lighted,Clear, , , , , ,Unknown,Yes,Lane / Road Departure,Yes,Yes,No Passengers in Vehicle,8.0,Clear
Jaguar,I-Pace,2021.0,134631.0,Yes,JUL-2024,00:16,Scottsdale,AZ ,Street,Dry,No Unusual Conditions,40.0,Dark - Lighted,Clear, , , , , ,Minor,Yes,Proceeding Straight,No,Yes,Yes,24.0,Clear
Jaguar,I-Pace,2021.0,152712.0,Yes,JUL-2024,02:35,Scottsdale,AZ ,Intersection,Dry,No Unusual Conditions,40.0,Dark - Lighted,Clear, , , , , ,No Injuries Reported,Yes,Proceeding Straight,No,Yes,No Passengers in Vehicle,3.0,Clear
Local Motors (LOCM),Olli 2.0 Shuttle,2020.0,7394.0,Yes,JUN-2024,13:57,Jacksonville,FL ,Parking Lot,Dry,No Unusual Conditions,15.0,Daylight,Clear, , , , , ,No Injuries Reported,No,Stopped,No,No,"No, see Narrative",0.0,Clear
Jaguar,I-Pace,2024.0,25710.0,Yes,JUN-2024,13:24,Phoenix,AZ ,Parking Lot,Dry,No Unusual Conditions,15.0,Daylight,Clear, , , , , ,No Injuries Reported,Yes,Stopped,No,No,"No, see Narrative",0.0,Clear
Jaguar,I-Pace,2021.0,81873.0,Yes,MAY-2024,11:18,Tempe,AZ ,Intersection,Dry,No Unusual Conditions,40.0,Daylight,Clear, , , , , ,Unknown,Yes,Making Left Turn,No,No,Yes,1.0,Clear
Jaguar,I-Pace,2021.0,78153.0,Yes,JUN-2024,22:53,Chandler,AZ ,Street,Dry,No Unusual Conditions,45.0,Dark - Lighted,Clear, , , , , ,No Injuries Reported,Yes,Proceeding Straight,No,No,Yes,44.0,Clear
Lucid,Air Touring,2023.0,3183.0,Yes,JUN-2023,14:59,Foster,RI ,Highway / Freeway,Dry,No Unusual Conditions,45.0,Daylight, , ,Cloudy, , , ,Unknown,Yes,Proceeding Straight,Yes,Yes,Yes,53.0,Cloudy
Jaguar,I-Pace,2021.0,85096.0,Yes,JUN-2024,16:49,Tempe,AZ ,Street,Dry,No Unusual Conditions,45.0,Daylight,Clear, , , , , ,No Injuries Reported,Yes,Stopped,No,No,Yes,0.0,Clear
Jaguar,I-Pace,2021.0,79252.0,Yes,JUN-2024,23:49,Phoenix,AZ ,Street,Dry,No Unusual Conditions,25.0,Dark - Lighted,Clear, , , , , ,No Injuries Reported,Yes,Stopped,No,No,Yes,0.0,Clear
Jaguar,I-Pace,2021.0,129577.0,Yes,JUN-2024,10:38,Phoenix,AZ ,Street,Dry,No Unusual Conditions,40.0,Daylight,Clear, , , , , ,No Injuries Reported,Yes,Stopped,No,No,Yes,0.0,Clear
Jaguar,I-Pace,2021.0,122972.0,Yes,JUN-2024,04:37,Phoenix,AZ ,Street,Dry,No Unusual Conditions,40.0,Dark - Lighted,Clear, , , , , ,No Injuries Reported,Yes,Proceeding Straight,No,No,Yes,35.0,Clear
Peterbilt,579,2024.0,22595.0,Yes,JUN-2024,23:14,Huntsville,TX ,Highway / Freeway,Dry,No Unusual Conditions,75.0,Dark - Not Lighted, , , , , , ,No Injuries Reported,Yes,Proceeding Straight,No,No,Yes,65.0,Clear
Cruise,AV,2023.0,6808.0,Yes,JUN-2024,04:55,Phoenix,AZ ,Street,Dry,No Unusual Conditions,35.0,Dawn / Dusk,Clear, , , , , ,Moderate,Yes,"Other, see Narrative",No,Yes,Yes,0.0,Clear
Peterbilt,579,2024.0,22595.0,Yes,JUN-2024,23:14,Huntsville,TX ,Highway / Freeway,Dry,No Unusual Conditions,75.0,Dark - Not Lighted, , , , , , ,No Injuries Reported,Yes,Proceeding Straight,No,No,Yes,65.0,Clear
Cruise,AV,2023.0,6808.0,Yes,JUN-2024,04:55,Phoenix,AZ ,Street,Dry,No Unusual Conditions,35.0,Dawn / Dusk,Clear, , , , , ,Moderate,Yes,"Other, see Narrative",No,Yes,Yes,0.0,Clear
Volkswagen,ID.Buzz,2023.0,4247.0,Yes,JUN-2024,12:54,Austin,TX ,Street,Dry,No Unusual Conditions,35.0,Daylight,Clear, , , , , ,No Injuries Reported,Yes,Proceeding Straight,No,No,Yes,9.0,Clear
Jaguar,I-Pace,2021.0,136899.0,Yes,JUN-2024,00:21,Phoenix,AZ ,Intersection,Dry,No Unusual Conditions,40.0,Dark - Lighted,Clear, , , , , ,No Injuries Reported,Yes,Stopped,No,Yes,No Passengers in Vehicle,0.0,Clear
Jaguar,I-Pace,2021.0,105914.0,Yes,JUN-2024,7:12,Phoenix,AZ ,Street,Dry,No Unusual Conditions,40.0,Daylight,Clear, , , , , ,No Injuries Reported,Yes,Stopped,No,Yes,No Passengers in Vehicle,0.0,Clear
Toyota,Prius,2022.0,13728.0,Yes,JUN-2024,17:10,Houston,TX ,Intersection,Dry,No Unusual Conditions,30.0,Daylight,Clear, , , , , ,No Injuries Reported,Yes,Making Left Turn,No,Yes,Yes,14.0,Clear
Jaguar,I-Pace,2021.0,89544.0,Yes,JUN-2024,18:34,Tempe,AZ ,Intersection,Dry,No Unusual Conditions,45.0,Daylight,Clear, , , , , ,No Injuries Reported,Yes,Proceeding Straight,No,Yes,Yes,25.0,Clear
Jaguar,I-Pace,2024.0,12239.0,Yes,JUN-2024,12:58,Scottsdale,AZ ,Intersection,Dry,No Unusual Conditions,35.0,Daylight,Clear, , , , , ,No Injuries Reported,Yes,Proceeding Straight,No,Yes,"No, see Narrative",22.0,Clear
Jaguar,I-Pace,2021.0,134602.0,Yes,MAY-2024,14:56,Phoenix,AZ ,Intersection,Dry,No Unusual Conditions,40.0,Daylight,Clear, , , , , ,Unknown,Yes,Making Left Turn,No,Yes,No Passengers in Vehicle,3.0,Clear
Jaguar,I-Pace,2021.0,125840.0,Yes,MAY-2024,11:02,Tempe,AZ ,Parking Lot,Dry,No Unusual Conditions,15.0,Daylight,Clear, , , , , ,No Injuries Reported,Yes,Parking Maneuver,No,No,No Passengers in Vehicle,4.0,Clear
Jaguar,I-Pace,2021.0,142222.0,Yes,MAY-2024,10:41,Tempe,AZ ,Street,Dry,No Unusual Conditions,30.0,Daylight,Clear, , , , , ,No Injuries Reported,Yes,Stopped,No,No,No Passengers in Vehicle,0.0,Clear
Jaguar,I-Pace,2021.0,81873.0,Yes,MAY-2024,11:18,Tempe,AZ ,Intersection,Dry,No Unusual Conditions,40.0,Daylight,Clear, , , , , ,No Injuries Reported,Yes,Making Left Turn,No,No,Yes,1.0,Clear
Jaguar,I-Pace,2024.0,8640.0,Yes,MAY-2024,14:49,Phoenix,AZ ,Parking Lot,Dry,No Unusual Conditions,15.0,Daylight, , ,Cloudy, , , ,No Injuries Reported,Yes,Stopped,No,No,No Passengers in Vehicle,0.0,Cloudy
Jaguar,I-Pace,2021.0,71470.0,Yes,MAY-2024,21:13,Phoenix,AZ ,Parking Lot,Dry,No Unusual Conditions,15.0,Dark - Lighted,Clear, , , , , ,No Injuries Reported,Yes,Proceeding Straight,No,No,Yes,3.0,Clear
Jaguar,I-Pace,2021.0,93214.0,Yes,MAY-2024,08:33,Phoenix,AZ ,Parking Lot,Dry,No Unusual Conditions,15.0,Daylight,Clear, , , , , ,No Injuries Reported,Yes,Proceeding Straight,No,No,Yes,7.0,Clear
Jaguar,I-Pace,2021.0,129471.0,Yes,MAY-2024,11:02,Tempe,AZ ,Intersection,Dry,No Unusual Conditions,45.0,Daylight,Clear, , , , , ,Moderate,Yes,Proceeding Straight,No,Yes,Yes,19.0,Clear
Jaguar,I-Pace,2021.0,115012.0,Yes,MAY-2024,21:04,Tempe,AZ ,Street,Dry,No Unusual Conditions,40.0,Dark - Lighted,Clear, , , , , ,No Injuries Reported,Yes,Stopped,No,No,Yes,0.0,Clear
Jaguar,I-Pace,2024.0,10931.0,Yes,MAY-2024,08:25,Tempe,AZ ,Parking Lot,Dry,No Unusual Conditions,25.0,Daylight,Clear, , , , , ,No Injuries Reported,Yes,Making Left Turn,No,No,Yes,3.0,Clear
Peterbilt,579,2024.0,54941.0,Yes,JUN-2024,13:19,SPRING,TX ,Highway / Freeway,Dry,No Unusual Conditions,65.0,Daylight, , ,Cloudy, , , ,No Injuries Reported,Yes,Proceeding Straight,No,Yes,Yes,55.0,Cloudy
Toyota,Prius,2022.0,13193.0,Yes,MAY-2024,12:04,Houston,TX ,Intersection,Dry,No Unusual Conditions,30.0,Daylight,Clear, , , , , ,No Injuries Reported,Yes,Stopped,No,No,Yes,1.0,Clear
Peterbilt,579,2024.0,54941.0,Yes,JUN-2024,13:19,SPRING,TX ,Highway / Freeway,Dry,No Unusual Conditions,65.0,Daylight, , ,Cloudy, , , ,No Injuries Reported,Yes,Proceeding Straight,No,Yes,Yes,55.0,Cloudy
Peterbilt,579,2024.0,34065.0,Yes,MAY-2024,03:09,RICE,TX ,Highway / Freeway,Dry,No Unusual Conditions,75.0,Dark - Lighted, , ,Cloudy, , , ,No Injuries Reported,Yes,Proceeding Straight,No,No,Yes,65.0,Cloudy
Jaguar,I-Pace,2021.0,88586.0,Yes,JUN-2024,18:00,Phoenix,AZ ,Parking Lot,Dry,No Unusual Conditions,15.0,Daylight,Clear, , , , , ,No Injuries Reported,Yes,Stopped,No,Yes,No Passengers in Vehicle,0.0,Clear
Jaguar,I-Pace,2021.0,72368.0,Yes,MAY-2024,15:34,Phoenix,AZ ,Parking Lot,Dry,No Unusual Conditions,15.0,Daylight,Clear, , , , , ,No Injuries Reported,Yes,Proceeding Straight,No,Yes,Yes,2.0,Clear
Toyota,Sienna,2022.0,11254.0,Yes,MAY-2024,17:05,Miami,FL ,Street,Dry,No Unusual Conditions,35.0,Daylight,Clear, , , , , ,No Injuries Reported,No,Stopped,No,No,Yes,0.0,Clear
Cruise,AV,2023.0,6808.0,Yes,JUN-2024,04:55,Phoenix,AZ ,Street,Dry,No Unusual Conditions,35.0,Dawn / Dusk,Clear, , , , , ,Moderate,Yes,"Other, see Narrative",No,Yes,Yes,0.0,Clear
Cruise,AV,2023.0,6808.0,Yes,JUN-2024,04:55,Phoenix,AZ ,Street,Dry,No Unusual Conditions,35.0,Dawn / Dusk,Clear, , , , , ,Moderate,Yes,"Other, see Narrative",No,Yes,Yes,0.0,Clear
Jaguar,I-Pace,2024.0,12239.0,Yes,JUN-2024,12:58,Scottsdale,AZ ,Intersection,Dry,No Unusual Conditions,35.0,Daylight,Clear, , , , , ,No Injuries Reported,Yes,Proceeding Straight,No,Yes,"No, see Narrative",22.0,Clear
KIA,SPORTAGE,2023.0,6412.0,Yes,APR-2024,02:50,ST. CLAIR TOWNSHIP,MI ,Street,Dry,Unknown,55.0,Dark - Not Lighted,Clear, , , , , ,Moderate,Unknown,Proceeding Straight,Yes,Yes,Yes,55.0,Clear
KIA,SPORTAGE,2023.0,6412.0,Yes,APR-2024,02:50,ST. CLAIR TOWNSHIP,MI ,Street,Dry,Unknown,55.0,Dark - Not Lighted,Clear, , , , , ,Moderate,Unknown,Proceeding Straight,Yes,Yes,Yes,55.0,Clear
Jaguar,I-Pace,2024.0,14933.0,Yes,MAY-2024,11:47,Phoenix,AZ ,Street,Dry,No Unusual Conditions,15.0,Daylight,Clear, , , , , ,No Injuries Reported,Yes,Parking Maneuver,No,Yes,No Passengers in Vehicle,8.0,Clear
Jaguar,I-Pace,2021.0,131785.0,Yes,MAY-2024,12:47,Scottsdale,AZ ,Parking Lot,Dry,No Unusual Conditions,15.0,Daylight,Clear, , , , , ,No Injuries Reported,Yes,Stopped,No,No,Yes,0.0,Clear
Jaguar,I-Pace,2021.0,95182.0,Yes,MAY-2024,21:34,Phoenix,AZ ,Intersection,Dry,No Unusual Conditions,40.0,Dark - Lighted,Clear, , , , , ,Minor,Yes,Making Right Turn,No,Yes,Yes,2.0,Clear
Jaguar,I-Pace,2021.0,129471.0,Yes,MAY-2024,11:02,Tempe,AZ ,Intersection,Dry,No Unusual Conditions,45.0,Daylight,Clear, , , , , ,No Injuries Reported,Yes,Proceeding Straight,No,Yes,Yes,19.0,Clear
Jaguar,I-Pace,2021.0,131785.0,Yes,MAY-2024,12:47,Scottsdale,AZ ,Parking Lot,Dry,No Unusual Conditions,15.0,Daylight,Clear, , , , , ,No Injuries Reported,Yes,Stopped,No,No,Yes,0.0,Clear
Jaguar,I-Pace,2021.0,130737.0,Yes,APR-2024,15:05,Chandler,AZ ,Parking Lot,Dry,No Unusual Conditions,15.0,Daylight,Clear, , , , , ,No Injuries Reported,Yes,Stopped,No,No,Yes,0.0,Clear
Jaguar,I-Pace,2024.0,6164.0,Yes,APR-2024,06:49,Phoenix,AZ ,Intersection,Dry,No Unusual Conditions,35.0,Daylight,Clear, , , , , ,No Injuries Reported,Yes,Stopped,No,No,"No, see Narrative",0.0,Clear
Toyota,Sienna,2022.0,8838.0,Yes,APR-2024,11:35,Miami,FL ,Intersection,Dry,"Other, see Narrative",30.0,Daylight,Clear, , , , , ,No Injuries Reported,No,Proceeding Straight,No,No,Yes,5.0,Clear
Peterbilt,579,2024.0,31782.0,Yes,APR-2024,10:56,Conroe,TX ,Highway / Freeway,Dry,No Unusual Conditions,65.0,Daylight, , ,Cloudy, , , ,No Injuries Reported,Yes,Proceeding Straight,No,No,Yes,62.0,Cloudy
Volkswagen,ID.Buzz,2023.0,2679.0,Yes,APR-2024,10:20,Austin,TX ,Street,Wet,No Unusual Conditions,35.0,Daylight, , , , ,Rain, ,No Injuries Reported,Yes,Stopped,No,No,Yes,0.0,Rain
Peterbilt,Peterbilt 579,2024.0,31782.0,Yes,APR-2024,10:56,Conroe,TX ,Highway / Freeway,Dry,No Unusual Conditions,65.0,Daylight, , ,Cloudy, , , ,No Injuries Reported,Yes,Proceeding Straight,No,No,Yes,62.0,Cloudy
Toyota,Highlander,2017.0,57577.0,Yes,APR-2024,13:49,Las Vegas,NV ,Intersection,Dry,No Unusual Conditions,45.0,Daylight,Clear, , , , , ,No Injuries Reported,Yes,Making Right Turn,No,No,Yes,1.0,Clear
Jaguar,I-Pace,2021.0,134602.0,Yes,MAY-2024,14:56,Phoenix,AZ ,Intersection,Dry,No Unusual Conditions,40.0,Daylight,Clear, , , , , ,No Injuries Reported,Yes,Making Left Turn,No,Yes,No Passengers in Vehicle,3.0,Clear
Toyota,Highlander,2019.0,59843.0,Yes,APR-2024,16:54,Spring Valley,NV ,Street,Dry,No Unusual Conditions,45.0,Daylight,Clear, , , , , ,Minor,Yes,Making Right Turn,No,No,Yes,2.0,Clear
Jaguar,I-Pace,2021.0,118480.0,Yes,FEB-2024,06:43,Tempe,AZ ,Street,Dry,No Unusual Conditions,35.0,Daylight,Clear, , , , , ,Minor,No,Stopped,No,Yes,Yes,0.0,Clear
Toyota,Highlander,2019.0,59843.0,Yes,APR-2024,16:54,Spring Valley,NV ,Street,Dry,No Unusual Conditions,45.0,Daylight,Clear, , , , , ,Minor,Yes,Making Right Turn,No,No,Yes,2.0,Clear
Jaguar,I-Pace,2024.0,676.0,Yes,MAR-2024,10:03,Austin,TX ,Intersection,Dry,No Unusual Conditions,30.0,Daylight,Clear, , , , , ,No Injuries Reported,Yes,Stopped,No,No,Yes,0.0,Clear
Jaguar,I-Pace,2024.0,676.0,Yes,MAR-2024,10:03,Austin,TX ,Intersection,Dry,No Unusual Conditions,30.0,Daylight,Clear, , , , , ,No Injuries Reported,Yes,Stopped,No,No,Yes,0.0,Clear
Jaguar,I-Pace,2021.0,101912.0,Yes,MAR-2024,21:49,Tempe,AZ ,Street,Dry,No Unusual Conditions,30.0,Dark - Lighted,Clear, , , , , ,No Injuries Reported,Yes,Lane / Road Departure,No,No,Yes,19.0,Clear
Jaguar,I-Pace,2021.0,1150344.0,Yes,MAR-2024,19:45,Phoenix,AZ ,Intersection,Dry,No Unusual Conditions,25.0,Dark - Lighted,Clear, , , , , ,No Injuries Reported,Yes,Stopped,No,No,No Passengers in Vehicle,0.0,Clear
Jaguar,I-Pace,2021.0,1119636.0,Yes,MAR-2024,20:58,Mesa,AZ ,Intersection,Dry,No Unusual Conditions,40.0,Dark - Lighted,Clear, , , , , ,No Injuries Reported,Yes,Lane / Road Departure,No,No,"No, see Narrative",19.0,Clear
Jaguar,I-Pace,2024.0,10257.0,Yes,MAR-2024,21:42,Chandler,AZ ,Street,Dry,Work Zone,45.0,Dark - Lighted,Clear, , , , , ,No Injuries Reported,Yes,Proceeding Straight,No,No,No Passengers in Vehicle,12.0,Clear
Jaguar,I-Pace,2021.0,114335.0,Yes,MAR-2024,15:32,Phoenix,AZ ,Intersection,Dry,No Unusual Conditions,30.0,Daylight, , ,Cloudy, , , ,Minor,Yes,Proceeding Straight,No,No,Yes,8.0,Cloudy
Jaguar,I-Pace,2021.0,112982.0,Yes,MAR-2024,02:08,Tempe,AZ ,Street,Wet,No Unusual Conditions,35.0,Dark - Lighted, , , , ,Rain, ,No Injuries Reported,Yes,Stopped,No,No,No Passengers in Vehicle,0.0,Rain
Jaguar,I-Pace,2024.0,9139.0,Yes,MAR-2024,13:13,Tempe,AZ ,Intersection,Dry,No Unusual Conditions,25.0,Daylight,Clear, , , , , ,No Injuries Reported,Yes,Proceeding Straight,No,No,Yes,2.0,Clear
Jaguar,I-Pace,2021.0,119359.0,Yes,MAR-2024,23:15,Chandler,AZ ,Intersection,Dry,No Unusual Conditions,45.0,Dark - Lighted,Clear, , , , , ,No Injuries Reported,Yes,Stopped,No,No,No Passengers in Vehicle,0.0,Clear
Peterbilt,579,2023.0,105033.0,Yes,MAR-2024,13:52,Barstow,TX ,Highway / Freeway,Dry,No Unusual Conditions,75.0,Daylight,Clear, , , , , ,No Injuries Reported,Yes,Proceeding Straight,No,No,Yes,64.0,Clear
Toyota,Highlander,2017.0,22173.0,Yes,MAR-2024,14:45,Paradise,NV ,Street,Dry,No Unusual Conditions,45.0,Daylight,Clear, , , , , ,No Injuries Reported,Yes,Proceeding Straight,No,No,Yes,3.0,Clear
Toyota,Highlander,2019.0,66817.0,Yes,MAR-2024,9:44,Las Vegas,NV ,Street,Wet,No Unusual Conditions,45.0,Daylight,Clear, , , , , ,Minor,Yes,Proceeding Straight,No,No,Yes,3.0,Clear
Jaguar,I-Pace,2021.0,142185.0,Yes,MAR-2024,15:07,Scottsdale,AZ ,Street,Dry,No Unusual Conditions,35.0,Daylight,Clear, , , , , ,No Injuries Reported,Yes,Proceeding Straight,No,Yes,No Passengers in Vehicle,11.0,Clear
Jaguar,I-Pace,2021.0,118140.0,Yes,MAR-2024,16:25,Phoenix,AZ ,Intersection,Dry,No Unusual Conditions,40.0,Daylight,Clear, , , , , ,Minor,Yes,Proceeding Straight,No,Yes,Yes,25.0,Clear
Hyundai,Ioniq 5,2024.0,338.0,Yes,FEB-2024,14:30,Las Vegas,NV ,Street,Dry,No Unusual Conditions,35.0,Daylight,Clear, , , , , ,No Injuries Reported,No,Changing Lanes,No,No,Yes,15.0,Clear
Jaguar,I-Pace,2021.0,122999.0,Yes,FEB-2024,16:58,Phoenix,AZ ,Street,Dry,No Unusual Conditions,35.0,Daylight,Clear, , , , , ,No Injuries Reported,Yes,Making Right Turn,No,No,No Passengers in Vehicle,0.0,Clear
Jaguar,I-Pace,2021.0,122999.0,Yes,FEB-2024,16:58,Phoenix,AZ ,Street,Dry,No Unusual Conditions,35.0,Daylight,Clear, , , , , ,No Injuries Reported,Yes,Making Right Turn,No,No,No Passengers in Vehicle,0.0,Clear