Make,Model,Model Year,Mileage,ADS Equipped?,Incident Date,Incident Time (24:00),City,State,Roadway Type,Roadway Surface,Roadway Description,Posted Speed Limit (MPH),Lighting,Weather - Clear,Weather - Snow,Weather - Cloudy,Weather - Fog/Smoke,Weather - Rain,Weather - Severe Wind,Highest Injury Severity Alleged,Property Damage?,SV Pre-Crash Movement,SV Any Air Bags Deployed?,SV Was Vehicle Towed?,SV Were All Passengers Belted?,SV Precrash Speed (MPH),Weather
Toyota,Sienna,2022.0,1255.0,Yes,FEB-2024,11:40,Ann Arbor,MI ,Street,Snow / Slush / Ice,No Unusual Conditions,35.0,Daylight, ,Snow, , , , ,No Injuries Reported,Yes,Proceeding Straight,No,No,Yes,29.0,Snow
Hyundai,IONIQ 5,2024.0,338.0,Yes,FEB-2024,14:30,Las Vegas,NV ,Street,Dry,No Unusual Conditions,35.0,Daylight,Clear, , , , , ,No Injuries Reported,No,Changing Lanes,No,No,Yes,15.0,Clear
Volkswagen,ID.Buzz,2023.0,2052.0,Yes,FEB-2024,11:20,Austin,TX ,Intersection,Dry,No Unusual Conditions,40.0,Daylight, , ,Cloudy, , , ,No Injuries Reported,Unknown,Stopped,No,No,Yes,0.0,Cloudy
Jaguar,I-Pace,2021.0,133760.0,Yes,FEB-2024,21:18,Chandler,AZ ,Intersection,Dry,No Unusual Conditions,25.0,Dark - Lighted,Clear, , , , , ,Unknown,Yes,Stopped,No,No,Yes,0.0,Clear
Jaguar,I-Pace,2021.0,104482.0,Yes,FEB-2024,9:30,Phoenix,AZ ,Street,Dry,No Unusual Conditions,25.0,Daylight,Clear, , , , , ,No Injuries Reported,Yes,Stopped,No,No,Yes,0.0,Clear
Jaguar,I-Pace,2021.0,114290.0,Yes,FEB-2024,1:42,Phoenix,AZ ,Street,Dry,No Unusual Conditions,40.0,Dark - Lighted,Clear, , , , , ,No Injuries Reported,Yes,Proceeding Straight,No,No,No Passengers in Vehicle,26.0,Clear
Jaguar,I-Pace,2021.0,125707.0,Yes,FEB-2024,18:41,Phoenix,AZ ,Street,Dry,No Unusual Conditions,40.0,Dark - Lighted,Clear, , , , , ,No Injuries Reported,Yes,Stopped,No,No,No Passengers in Vehicle,0.0,Clear
Jaguar,I-Pace,2021.0,103278.0,Yes,FEB-2024,20:55,Tempe,AZ ,Intersection,Dry,No Unusual Conditions,40.0,Dark - Lighted,Clear, , , , , ,No Injuries Reported,Yes,Stopped,No,No,Yes,0.0,Clear
Jaguar,I-Pace,2021.0,122999.0,Yes,FEB-2024,16:58,Phoenix,AZ ,Street,Dry,No Unusual Conditions,35.0,Daylight,Clear, , , , , ,No Injuries Reported,Yes,Making Right Turn,No,No,No Passengers in Vehicle,0.0,Clear
Hyundai,Ioniq 5,2024.0,338.0,Yes,FEB-2024,14:30,Las Vegas,NV ,Street,Dry,No Unusual Conditions,35.0,Daylight,Clear, , , , , ,No Injuries Reported,No,Changing Lanes,No,No,Yes,15.0,Clear
Jaguar,I-Pace,2021.0,118480.0,Yes,FEB-2024,06:43,Tempe,AZ ,Street,Dry,No Unusual Conditions,35.0,Daylight,Clear, , , , , ,Minor,No,Stopped,No,Yes,Yes,0.0,Clear
Jaguar,I-Pace,2021.0,102778.0,Yes,FEB-2024,20:08,Tempe,AZ ,Highway / Freeway,Dry,Work Zone,65.0,Dark - Lighted,Clear, , , , , ,Minor,Yes,Proceeding Straight,No,Yes,Yes,9.0,Clear
Jaguar,I-Pace,2021.0,102778.0,Yes,FEB-2024,20:08,Tempe,AZ ,Highway / Freeway,Dry,Work Zone,65.0,Dark - Lighted,Clear, , , , , ,Minor,Yes,Proceeding Straight,No,Yes,Yes,9.0,Clear
Jaguar,I-Pace,2024.0,1328.0,Yes,FEB-2024,17:01,Austin,TX ,Intersection,Wet,No Unusual Conditions,40.0,Daylight, , ,Cloudy, , , ,No Injuries Reported,Yes,Stopped,No,Yes,Yes,0.0,Cloudy
Jaguar,I-Pace,2024.0,1328.0,Yes,FEB-2024,17:01,Austin,TX ,Intersection,Wet,No Unusual Conditions,40.0,Daylight, , ,Cloudy, , , ,No Injuries Reported,Yes,Stopped,No,Yes,Yes,0.0,Cloudy
Jaguar,I-Pace,2021.0,90976.0,Yes,JAN-2024,3:07,Chandler,AZ ,Intersection,Dry,No Unusual Conditions,45.0,Dark - Lighted,Clear, , , , , ,No Injuries Reported,Yes,Stopped,No,No,No Passengers in Vehicle,0.0,Clear
Jaguar,I-Pace,2024.0,1328.0,Yes,FEB-2024,17:01,Austin,TX ,Intersection,Wet,No Unusual Conditions,40.0,Daylight, , ,Cloudy, , , ,No Injuries Reported,Yes,Stopped,No,Yes,Yes,0.0,Cloudy
Jaguar,I-Pace,2021.0,101858.0,Yes,JAN-2024,03:19,Phoenix,AZ ,Intersection,Dry,No Unusual Conditions,35.0,Dark - Lighted,Clear, , , , , ,Unknown,Yes,Proceeding Straight,No,Yes,No Passengers in Vehicle,12.0,Clear
Jaguar,I-Pace,2021.0,114229.0,Yes,JAN-2024,7:41,Tempe,AZ ,Intersection,Dry,No Unusual Conditions,40.0,Dawn / Dusk,Clear, , , , , ,No Injuries Reported,Yes,Stopped,No,No,Yes,0.0,Clear
Jaguar,I-Pace,2021.0,85993.0,Yes,JAN-2024,08:57,Phoenix,AZ ,Intersection,Dry,No Unusual Conditions,35.0,Daylight,Clear, , , , , ,No Injuries Reported,Yes,Stopped,No,No,No Passengers in Vehicle,0.0,Clear
Jaguar,I-Pace,2021.0,94478.0,Yes,JAN-2024,8:24,Phoenix,AZ ,Intersection,Dry,No Unusual Conditions,35.0,Daylight,Clear, , , , , ,No Injuries Reported,Yes,Stopped,No,No,Yes,0.0,Clear
Jaguar,I-Pace,2021.0,90976.0,Yes,JAN-2024,3:07,Chandler,AZ ,Intersection,Dry,No Unusual Conditions,45.0,Dark - Lighted,Clear, , , , , ,No Injuries Reported,Yes,Stopped,No,No,No Passengers in Vehicle,0.0,Clear
Peterbilt,579,2023.0,108193.0,Yes,FEB-2024,14:03,Streetman,TX ,Highway / Freeway,Dry,No Unusual Conditions,75.0,Dawn / Dusk, , ,Cloudy, , , ,No Injuries Reported,No,Proceeding Straight,No,No,Yes,62.0,Cloudy
Volkswagen,ID.Buzz,2023.0,1562.0,Yes,JAN-2024,9:00,Austin,TX ,Intersection,Dry,No Unusual Conditions,35.0,Daylight,Clear, , , , , ,No Injuries Reported,Unknown,Stopped,No,No,Yes,0.0,Clear
Toyota,Highlander,2017.0,80742.0,Yes,JAN-2024,14:19,Paradise,NV ,Intersection,Dry,No Unusual Conditions,35.0,Daylight,Clear, , , , , ,No Injuries Reported,Yes,Stopped,No,No,Yes,0.0,Clear
Jaguar,I-Pace,2021.0,107479.0,Yes,JAN-2024,09:03,Scottsdale,AZ ,Parking Lot,Dry,No Unusual Conditions,15.0,Daylight,Clear, , , , , ,No Injuries Reported,Yes,Proceeding Straight,No,Yes,Yes,10.0,Clear
Jaguar,I-Pace,2021.0,112503.0,Yes,JAN-2024,12:35,Gilbert,AZ ,Parking Lot,Dry,"Other, see Narrative",5.0,Daylight, , ,Cloudy, , , ,No Injuries Reported,Yes,"Other, see Narrative",No,Yes,No Passengers in Vehicle,2.0,Cloudy
Toyota,Prius,2022.0,8963.0,Yes,JAN-2024,10:49,Houston,TX ,Street,Dry,No Unusual Conditions,30.0,Daylight,Clear, , , , , ,No Injuries Reported,Yes,Proceeding Straight,No,Yes,Yes,18.0,Clear
Jaguar,I-Pace,2021.0,78758.0,Yes,DEC-2023,22:23,Tempe,AZ ,Intersection,Dry,No Unusual Conditions,45.0,Dark - Lighted,Clear, , , , , ,No Injuries Reported,Yes,Proceeding Straight,No,No,No Passengers in Vehicle,3.0,Clear
Jaguar,I-Pace,2021.0,104891.0,Yes,DEC-2023,16:32,Tempe,AZ ,Parking Lot,Dry,No Unusual Conditions,15.0,Daylight,Clear, , , , , ,No Injuries Reported,Yes,Stopped,No,No,Yes,0.0,Clear
Jaguar,I-Pace,2021.0,95560.0,Yes,DEC-2023,14:00,Phoenix,AZ ,Street,Dry,No Unusual Conditions,25.0,Daylight,Clear, , , , , ,No Injuries Reported,Yes,Parked,No,No,No Passengers in Vehicle,0.0,Clear
Jaguar,I-Pace,2021.0,99143.0,Yes,DEC-2023,22:48,Phoenix,AZ ,Intersection,Dry,No Unusual Conditions,30.0,Dark - Lighted,Clear, , , , , ,No Injuries Reported,Yes,Proceeding Straight,No,No,Yes,13.0,Clear
Jaguar,I-Pace,2021.0,93672.0,Yes,DEC-2023,10:25,Phoenix,AZ ,Street,Dry,No Unusual Conditions,40.0,Daylight,Clear, , , , , ,No Injuries Reported,Yes,Proceeding Straight,No,No,No Passengers in Vehicle,35.0,Clear
Jaguar,I-Pace,2021.0,71577.0,Yes,DEC-2023,19:02,Tempe,AZ ,Intersection,Dry,No Unusual Conditions,40.0,Dark - Lighted,Clear, , , , , ,No Injuries Reported,Yes,Proceeding Straight,No,No,No Passengers in Vehicle,33.0,Clear
Jaguar,I-Pace,2021.0,78758.0,Yes,DEC-2023,22:23,Tempe,AZ ,Intersection,Dry,No Unusual Conditions,45.0,Dark - Lighted,Clear, , , , , ,No Injuries Reported,Yes,Proceeding Straight,No,No,No Passengers in Vehicle,3.0,Clear
Freightliner,Cascadia,2023.0,64838.0,Yes,DEC-2023,14:35,Vega,TX ,Highway / Freeway,Wet,No Unusual Conditions,75.0,Daylight, , ,Cloudy, ,Rain, ,No Injuries Reported,Yes,Proceeding Straight,No,No,Yes,65.0,Clear
Freightliner,Cascadia,2023.0,64838.0,Yes,DEC-2023,14:35,Vega,TX ,Highway / Freeway,Wet,No Unusual Conditions,75.0,Daylight, , ,Cloudy, ,Rain, ,No Injuries Reported,Yes,Proceeding Straight,No,No,Yes,65.0,Clear
Jaguar,I-Pace,2021.0,101858.0,Yes,JAN-2024,03:19,Phoenix,AZ ,Intersection,Dry,No Unusual Conditions,35.0,Dark - Lighted,Clear, , , , , ,Unknown,Yes,Proceeding Straight,No,Yes,No Passengers in Vehicle,12.0,Clear
Jaguar,I-Pace,2021.0,76785.0,Yes,DEC-2023,00:16,Scottsdale,AZ ,Street,Dry,No Unusual Conditions,25.0,Dark - Lighted,Clear, , , , , ,No Injuries Reported,Yes,Proceeding Straight,No,Yes,"No, see Narrative",2.0,Clear
Jaguar,I-Pace,2021.0,90362.0,Yes,DEC-2023,06:44,Phoenix,AZ ,Intersection,Wet,No Unusual Conditions,40.0,Daylight, , ,Cloudy, , , ,Minor,Yes,Proceeding Straight,No,Yes,Yes,23.0,Cloudy
Lexus,RX450H,2020.0,5226.0,Yes,DEC-2023,16:00,Las Vegas,NV ,Street,Dry,No Unusual Conditions,30.0,Daylight,Clear, , , , , ,No Injuries Reported,Yes,Proceeding Straight,No,Yes,Yes,18.0,Clear
Jaguar,I-Pace,2021.0,92003.0,Yes,DEC-2023,15:38,Phoenix,AZ ,Intersection,Dry,No Unusual Conditions,30.0,Daylight, , ,Cloudy, , , ,No Injuries Reported,Yes,Making Left Turn,No,Yes,Yes,10.0,Cloudy
Jaguar,I-Pace,2021.0,96115.0,Yes,DEC-2023,16:51,Scottsdale,AZ ,Intersection,Dry,No Unusual Conditions,40.0,Daylight,Clear, , , , , ,Minor,Yes,Stopped,No,Yes,Yes,0.0,Clear
Jaguar,I-Pace,2021.0,102570.0,Yes,DEC-2023,10:27,Phoenix,AZ ,Intersection,Dry,No Unusual Conditions,35.0,Daylight,Clear, , , , , ,No Injuries Reported,Yes,Proceeding Straight,No,Yes,No Passengers in Vehicle,23.0,Clear
Jaguar,I-Pace,2021.0,53528.0,Yes,NOV-2023,04:06,Austin,TX ,Intersection,Dry,No Unusual Conditions,30.0,Dark - Lighted,Clear, , , , , ,No Injuries Reported,Yes,Stopped,No,No,Yes,0.0,Clear
Jaguar,I-Pace,2021.0,77212.0,Yes,NOV-2023,21:36,Tempe,AZ ,Parking Lot,Dry,No Unusual Conditions,15.0,Dark - Lighted,Clear, , , , , ,No Injuries Reported,Yes,Proceeding Straight,No,No,Yes,10.0,Clear
Peterbilt,579,2023.0,83468.0,Yes,NOV-2023,09:56,Ranger,TX ,Highway / Freeway,Wet,No Unusual Conditions,75.0,Daylight, , , , ,Rain, ,No Injuries Reported,Yes,Proceeding Straight,No,No,Yes,67.0,Rain
Jaguar,I-Pace,2021.0,53528.0,Yes,NOV-2023,04:06,Austin,TX ,Intersection,Dry,No Unusual Conditions,30.0,Dark - Lighted,Clear, , , , , ,No Injuries Reported,Yes,Stopped,No,No,Yes,0.0,Clear
Jaguar,I-Pace,2021.0,52707.0,Yes,NOV-2023,10:09,Tempe,AZ ,Parking Lot,Dry,No Unusual Conditions,5.0,Daylight,Clear, , , , , ,No Injuries Reported,Yes,Proceeding Straight,No,No,No Passengers in Vehicle,2.0,Clear
Peterbilt,579,2023.0,83468.0,Yes,NOV-2023,09:56,Ranger,TX ,Highway / Freeway,Wet,No Unusual Conditions,75.0,Daylight, , , , ,Rain, ,No Injuries Reported,Yes,Proceeding Straight,No,No,Yes,67.0,Rain
Hyundai,IONIQ 5,2022.0,609.0,Yes,DEC-2023,13:24,Las Vegas,NV ,Intersection,Dry,No Unusual Conditions,15.0,Daylight,Clear, , , , , ,No Injuries Reported,Yes,Proceeding Straight,No,Yes,Yes,0.0,Clear
Hyundai,Ioniq 5,2022.0,609.0,Yes,DEC-2023,13:24,Las Vegas,NV ,Intersection,Dry,No Unusual Conditions,15.0,Daylight,Clear, , , , , ,No Injuries Reported,Yes,Proceeding Straight,No,Yes,Yes,0.0,Clear
Jaguar,I-Pace,2021.0,86018.0,Yes,NOV-2023,17:40,Scottsdale,AZ ,Intersection,Wet,No Unusual Conditions,45.0,Dark - Lighted, , , , ,Rain, ,No Injuries Reported,Yes,Stopped,No,Yes,Yes,0.0,Rain
Jaguar,I-Pace,2023.0,54469.0,Yes,OCT-2023,11:04,Tempe,AZ ,Intersection,Dry,No Unusual Conditions,25.0,Daylight,Clear, , , , , ,No Injuries Reported,Yes,Making Right Turn,No,No,No Passengers in Vehicle,3.0,Clear
Jaguar,I-Pace,2021.0,82124.0,Yes,OCT-2023,18:02,Phoenix,AZ ,Parking Lot,Dry,No Unusual Conditions,15.0,Dawn / Dusk,Clear, , , , , ,No Injuries Reported,Yes,Stopped,No,No,No Passengers in Vehicle,0.0,Clear
Toyota,Sienna,2021.0,20960.0,Yes,OCT-2023,10:03,Grand Rapids,MN ,Street,Dry,No Unusual Conditions,30.0,Daylight, , ,Cloudy, , , ,No Injuries Reported,No,Proceeding Straight,No,No,Yes,27.0,Cloudy
Cruise,AV,2023.0,9518.0,Yes,SEP-2023,22:36,Austin,TX ,Intersection,Dry,No Unusual Conditions,30.0,Dark - Lighted,Clear, , , , , ,No Injuries Reported,Yes,Changing Lanes,No,No,Yes,24.0,Clear
Cruise,AV,2023.0,9518.0,Yes,SEP-2023,22:36,Austin,TX ,Intersection,Dry,No Unusual Conditions,30.0,Dark - Lighted,Clear, , , , , ,No Injuries Reported,Yes,Changing Lanes,No,No,Yes,24.0,Clear
Cruise,AV,2023.0,7929.0,Yes,OCT-2023,02:24,Houston,TX ,Street,Dry,No Unusual Conditions,25.0,Dark - Lighted,Clear, , , , , ,No Injuries Reported,Yes,Proceeding Straight,No,No,No Passengers in Vehicle,5.0,Clear
Cruise,AV,2023.0,10601.0,Yes,OCT-2023,05:01,Austin,TX ,Intersection,Dry,No Unusual Conditions,25.0,Dark - Lighted,Clear, , , , , ,No Injuries Reported,Yes,Stopped,No,No,No Passengers in Vehicle,0.0,Clear
Toyota,Highlander,2017.0,54622.0,Yes,OCT-2023,09:53,Seattle,WA ,Street,Dry,No Unusual Conditions,25.0,Daylight,Clear, , , , , ,No Injuries Reported,Yes,Proceeding Straight,No,No,Yes,12.0,Clear
Cruise,AV,2023.0,12551.0,Yes,OCT-2023,01:51,Austin,TX ,Intersection,Dry,No Unusual Conditions,25.0,Dark - Lighted,Clear, , , , , ,No Injuries Reported,Yes,Stopped,No,No,No Passengers in Vehicle,0.0,Clear
Cruise,AV,2023.0,12551.0,Yes,OCT-2023,01:51,Austin,TX ,Intersection,Dry,No Unusual Conditions,25.0,Dark - Lighted,Clear, , , , , ,No Injuries Reported,Yes,Stopped,No,No,No Passengers in Vehicle,0.0,Clear
Cruise,AV,2023.0,7929.0,Yes,OCT-2023,02:24,Houston,TX ,Street,Dry,No Unusual Conditions,25.0,Dark - Lighted,Clear, , , , , ,No Injuries Reported,Yes,Proceeding Straight,No,No,No Passengers in Vehicle,5.0,Clear
Cruise,AV,2023.0,10601.0,Yes,OCT-2023,05:01,Austin,TX ,Intersection,Dry,No Unusual Conditions,25.0,Dark - Lighted,Clear, , , , , ,No Injuries Reported,Yes,Stopped,No,No,No Passengers in Vehicle,0.0,Clear
Toyota,Highlander,2017.0,65425.0,Yes,NOV-2023,22:16,Seattle,WA ,Street,Dry,No Unusual Conditions,25.0,Dark - Lighted,Clear, , , , , ,Minor,No,Stopped,No,No,Yes,0.0,Clear
Toyota,Highlander,2017.0,65425.0,Yes,NOV-2023,22:16,Seattle,WA ,Street,Dry,No Unusual Conditions,25.0,Dark - Lighted,Clear, , , , , ,Minor,No,Stopped,No,No,Yes,0.0,Clear
Jaguar,I-Pace,2021.0,89981.0,Yes,OCT-2023,19:18,Chandler,AZ ,Street,Dry,No Unusual Conditions,45.0,Dark - Lighted,Clear, , , , , ,Minor,Yes,Proceeding Straight,No,Yes,Yes,50.0,Clear
KENWORTH,T680,2019.0,278167.0,Yes,OCT-2023,15:08,Fort Worth,TX ,Highway / Freeway,Dry,No Unusual Conditions,75.0,Daylight,Clear, , , , , ,No Injuries Reported,Yes,Proceeding Straight,No,No,Yes,34.0,Clear
Kenworth Motor Truck Co,T680,2019.0,278167.0,Yes,OCT-2023,15:08,Fort Worth,TX ,Highway / Freeway,Dry,No Unusual Conditions,75.0,Daylight,Clear, , , , , ,No Injuries Reported,Yes,Proceeding Straight,No,No,Yes,34.0,Clear
Jaguar,I-Pace,2021.0,73225.0,Yes,OCT-2023,13:29,Phoenix,AZ ,Street,Dry,No Unusual Conditions,25.0,Daylight,Clear, , , , , ,No Injuries Reported,Yes,Proceeding Straight,No,Yes,Yes,19.0,Clear
Jaguar,I-Pace,2021.0,76624.0,Yes,OCT-2023,18:53,Phoenix,AZ ,Street,Dry,Work Zone,25.0,Dark - Lighted,Clear, , , , , ,No Injuries Reported,Yes,Lane / Road Departure,No,Yes,Yes,8.0,Clear
Jaguar,I-Pace,2023.0,76843.0,Yes,OCT-2023,08:59,Scottsdale,AZ ,Street,Dry,"Other, see Narrative",45.0,Daylight,Clear, , , , , ,Unknown,Yes,"Other, see Narrative",No,No,Yes,6.0,Clear
Cruise,AV,2022.0,31256.0,Yes,SEP-2023,00:05,Tempe,AZ ,Street,Dry,No Unusual Conditions,25.0,Dark - Lighted,Clear, , , , , ,No Injuries Reported,Yes,Proceeding Straight,No,No,No Passengers in Vehicle,15.0,Clear
Jaguar,I-Pace,2021.0,70000.0,Yes,SEP-2023,10:25,Phoenix,AZ ,Street,Dry,No Unusual Conditions,25.0,Daylight,Clear, , , , , ,No Injuries Reported,Yes,Stopped,No,No,No Passengers in Vehicle,0.0,Clear
Jaguar,I-Pace,2021.0,73650.0,Yes,SEP-2023,01:40,Scottsdale,AZ ,Parking Lot,Dry,No Unusual Conditions,15.0,Dark - Lighted,Clear, , , , , ,No Injuries Reported,Yes,Stopped,No,No,Yes,0.0,Clear
Jaguar,I-Pace,2021.0,70384.0,Yes,SEP-2023,19:49,Phoenix,AZ ,Street,Dry,No Unusual Conditions,25.0,Dark - Lighted,Clear, , , , , ,No Injuries Reported,Yes,Stopped,No,No,No Passengers in Vehicle,0.0,Clear
Jaguar,I-Pace,2021.0,87996.0,Yes,SEP-2023,15:07,Tempe,AZ ,Street,Dry,No Unusual Conditions,35.0,Daylight,Clear, , , , , ,No Injuries Reported,Yes,Proceeding Straight,No,No,No Passengers in Vehicle,1.0,Clear
Cruise,AV,2022.0,31256.0,Yes,SEP-2023,00:05,Tempe,AZ ,Street,Dry,No Unusual Conditions,25.0,Dark - Lighted,Clear, , , , , ,No Injuries Reported,Yes,Proceeding Straight,No,No,No Passengers in Vehicle,15.0,Clear
Cruise,AV,2023.0,9518.0,Yes,SEP-2023,22:36,Austin,TX ,Intersection,Dry,No Unusual Conditions,30.0,Dark - Lighted,Clear, , , , , ,No Injuries Reported,Yes,Changing Lanes,No,No,Yes,24.0,Clear
Cruise,AV,2023.0,11107.0,Yes,SEP-2023,23:44,Austin,TX ,Intersection,Dry,No Unusual Conditions,30.0,Dark - Lighted,Clear, , , , , ,No Injuries Reported,Yes,Changing Lanes,No,No,No Passengers in Vehicle,25.0,Clear
Cruise,AV,2023.0,11338.0,Yes,SEP-2023,10:54,Austin,TX ,Street,Dry,No Unusual Conditions,25.0,Daylight,Clear, , , , , ,No Injuries Reported,Yes,Stopped,No,No,No Passengers in Vehicle,0.0,Clear
Cruise,AV,2023.0,12955.0,Yes,SEP-2023,04:59,Austin,TX ,Street,Dry,No Unusual Conditions,25.0,Dark - Lighted,Clear, , , , , ,No Injuries Reported,Yes,Proceeding Straight,No,No,No Passengers in Vehicle,1.0,Clear
Cruise,AV,2022.0,31256.0,Yes,SEP-2023,00:05,Tempe,AZ ,Street,Dry,No Unusual Conditions,25.0,Dark - Lighted,Clear, , , , , ,Fatality,Yes,Proceeding Straight,No,No,No Passengers in Vehicle,15.0,Clear
Cruise,AV,2023.0,10564.0,Yes,SEP-2023,23:02,Austin,TX ,Street,Dry,No Unusual Conditions,25.0,Dark - Lighted,Clear, , , , , ,No Injuries Reported,Yes,Proceeding Straight,No,No,No Passengers in Vehicle,6.0,Clear
Cruise,AV,2023.0,9518.0,Yes,SEP-2023,22:36,Austin,TX ,Intersection,Dry,No Unusual Conditions,30.0,Dark - Lighted,Clear, , , , , ,No Injuries Reported,Yes,Changing Lanes,No,No,Yes,24.0,Clear
Cruise,AV,2023.0,11107.0,Yes,SEP-2023,23:44,Austin,TX ,Intersection,Dry,No Unusual Conditions,30.0,Dark - Lighted,Clear, , , , , ,No Injuries Reported,Yes,Changing Lanes,No,No,No Passengers in Vehicle,25.0,Clear
Cruise,AV,2023.0,11338.0,Yes,SEP-2023,10:54,Austin,TX ,Street,Dry,No Unusual Conditions,25.0,Daylight,Clear, , , , , ,No Injuries Reported,Yes,Stopped,No,No,No Passengers in Vehicle,0.0,Clear
Cruise,AV,2023.0,12955.0,Yes,SEP-2023,04:59,Austin,TX ,Street,Dry,No Unusual Conditions,25.0,Dark - Lighted,Clear, , , , , ,No Injuries Reported,Yes,Proceeding Straight,No,No,No Passengers in Vehicle,1.0,Clear
Cruise,AV,2022.0,31256.0,Yes,SEP-2023,00:05,Tempe,AZ ,Street,Dry,No Unusual Conditions,25.0,Dark - Lighted,Clear, , , , , ,Fatality,Yes,Proceeding Straight,No,No,No Passengers in Vehicle,15.0,Clear
Cruise,AV,2023.0,10564.0,Yes,SEP-2023,23:02,Austin,TX ,Street,Dry,No Unusual Conditions,25.0,Dark - Lighted,Clear, , , , , ,No Injuries Reported,Yes,Proceeding Straight,No,No,No Passengers in Vehicle,6.0,Clear
Cruise,AV,2023.0,11234.0,Yes,SEP-2023,09:20,Houston,TX ,Intersection,Dry,No Unusual Conditions,25.0,Daylight,Clear, , , , , ,No Injuries Reported,Yes,Proceeding Straight,No,Yes,Yes,8.0,Clear
Cruise,AV,2023.0,11234.0,Yes,SEP-2023,09:20,Houston,TX ,Intersection,Dry,No Unusual Conditions,25.0,Daylight,Clear, , , , , ,No Injuries Reported,Yes,Proceeding Straight,No,Yes,Yes,8.0,Clear
Cruise,AV,2023.0,78839.0,Yes,SEP-2023,20:14,Houston,TX ,Intersection,Dry,No Unusual Conditions,30.0,Dark - Lighted,Clear, , , , , ,No Injuries Reported,Yes,Proceeding Straight,No,Yes,No Passengers in Vehicle,16.0,Clear