Make,Model,Model Year,Mileage,ADS Equipped?,Incident Date,Incident Time (24:00),City,State,Roadway Type,Roadway Surface,Roadway Description,Posted Speed Limit (MPH),Lighting,Weather - Clear,Weather - Snow,Weather - Cloudy,Weather - Fog/Smoke,Weather - Rain,Weather - Severe Wind,Highest Injury Severity Alleged,Property Damage?,SV Pre-Crash Movement,SV Any Air Bags Deployed?,SV Was Vehicle Towed?,SV Were All Passengers Belted?,SV Precrash Speed (MPH),Weather
Cruise,AV,2023.0,78839.0,Yes,SEP-2023,20:14,Houston,TX ,Intersection,Dry,No Unusual Conditions,30.0,Dark - Lighted,Clear, , , , , ,No Injuries Reported,Yes,Proceeding Straight,No,Yes,No Passengers in Vehicle,16.0,Clear
Cruise,AV,2023.0,5634.0,Yes,SEP-2023,03:49,Austin,TX ,Intersection,Dry,No Unusual Conditions,30.0,Dark - Lighted,Clear, , , , , ,No Injuries Reported,Yes,Proceeding Straight,No,Yes,No Passengers in Vehicle,3.0,Clear
Jaguar,I-Pace,2021.0,69384.0,Yes,SEP-2023,17:02,Tempe,AZ ,Street,Dry,No Unusual Conditions,25.0,Daylight,Clear, , , , , ,No Injuries Reported,Yes,Proceeding Straight,No,Yes,No Passengers in Vehicle,12.0,Clear
Cruise,AV,2023.0,5634.0,Yes,SEP-2023,03:49,Austin,TX ,Intersection,Dry,No Unusual Conditions,30.0,Dark - Lighted,Clear, , , , , ,No Injuries Reported,Yes,Proceeding Straight,No,Yes,No Passengers in Vehicle,3.0,Clear
Jaguar,I-Pace,2021.0,50308.0,Yes,AUG-2023,19:23,Phoenix,AZ ,Intersection,Dry,No Unusual Conditions,25.0,Dawn / Dusk,Clear, , , , , ,No Injuries Reported,Yes,Proceeding Straight,No,No,No Passengers in Vehicle,1.0,Clear
Jaguar,I-Pace,2021.0,63250.0,Yes,AUG-2023,15:36,Mesa,AZ ,Street,Dry,No Unusual Conditions,25.0,Daylight,Clear, , , , , ,No Injuries Reported,Yes,Parked,No,No,No Passengers in Vehicle,0.0,Clear
Jaguar,I-Pace,2021.0,69522.0,Yes,AUG-2023,19:12,Phoenix,AZ ,Street,Dry,No Unusual Conditions,25.0,Daylight,Clear, , , , , ,No Injuries Reported,Yes,Parked,No,No,No Passengers in Vehicle,0.0,Clear
Cruise,AV,2023.0,6045.0,Yes,AUG-2023,00:21,Austin,TX ,Intersection,Dry,No Unusual Conditions,25.0,Dark - Not Lighted,Clear, , , , , ,No Injuries Reported,Yes,Stopped,No,No,Yes,0.0,Clear
Cruise,AV,2023.0,6470.0,Yes,AUG-2023,23:36,Austin,TX ,Street,Dry,No Unusual Conditions,25.0,Dark - Lighted,Clear, , , , , ,No Injuries Reported,Yes,Proceeding Straight,No,No,No Passengers in Vehicle,10.0,Clear
Cruise,AV,2023.0,11074.0,Yes,SEP-2023,02:35,Austin,TX ,Intersection,Dry,No Unusual Conditions,25.0,Dark - Lighted,Clear, , , , , ,No Injuries Reported,Yes,Proceeding Straight,Yes,Yes,No Passengers in Vehicle,2.0,Clear
Cruise,AV,2023.0,6913.0,Yes,SEP-2023,21:42,Houston,TX ,Street,Dry,No Unusual Conditions,30.0,Dark - Lighted,Clear, , , , , ,No Injuries Reported,Yes,Proceeding Straight,No,Yes,No Passengers in Vehicle,1.0,Clear
Cruise,AV,2023.0,6045.0,Yes,AUG-2023,00:21,Austin,TX ,Intersection,Dry,No Unusual Conditions,25.0,Dark - Not Lighted,Clear, , , , , ,No Injuries Reported,Yes,Stopped,No,No,Yes,0.0,Clear
Cruise,AV,2023.0,6470.0,Yes,AUG-2023,23:36,Austin,TX ,Street,Dry,No Unusual Conditions,25.0,Dark - Lighted,Clear, , , , , ,No Injuries Reported,Yes,Proceeding Straight,No,No,No Passengers in Vehicle,10.0,Clear
Cruise,AV,2023.0,11074.0,Yes,SEP-2023,02:35,Austin,TX ,Intersection,Dry,No Unusual Conditions,25.0,Dark - Lighted,Clear, , , , , ,No Injuries Reported,Yes,Proceeding Straight,Yes,Yes,No Passengers in Vehicle,2.0,Clear
Toyota,Sienna,2021.0,1588.0,Yes,AUG-2023,10:10,Arlington,TX ,Street,Dry,No Unusual Conditions,15.0,Daylight,Clear, , , , , ,No Injuries Reported,No,Proceeding Straight,No,No,No Passengers in Vehicle,18.0,Clear
Cruise,AV,2023.0,6913.0,Yes,SEP-2023,21:42,Houston,TX ,Street,Dry,No Unusual Conditions,30.0,Dark - Lighted,Clear, , , , , ,No Injuries Reported,Yes,Proceeding Straight,No,Yes,No Passengers in Vehicle,1.0,Clear
Cruise,AV,2023.0,6270.0,Yes,AUG-2023,00:39,Austin,TX ,Street,Dry,No Unusual Conditions,25.0,Dark - Lighted,Clear, , , , , ,No Injuries Reported,Yes,Proceeding Straight,No,Yes,No Passengers in Vehicle,5.0,Clear
Jaguar,I-Pace,2021.0,62818.0,Yes,AUG-2023,20:56,Phoenix,AZ ,Intersection,Dry,No Unusual Conditions,35.0,Dark - Lighted,Clear, , , , , ,No Injuries Reported,No,Proceeding Straight,No,Yes,No Passengers in Vehicle,3.0,Clear
Cruise,AV,2023.0,6270.0,Yes,AUG-2023,00:39,Austin,TX ,Street,Dry,No Unusual Conditions,25.0,Dark - Lighted,Clear, , , , , ,No Injuries Reported,Yes,Proceeding Straight,No,Yes,No Passengers in Vehicle,5.0,Clear
Cruise,Origin,2024.0,291.0,Yes,AUG-2023,00:36,Austin,TX ,Street,Dry,No Unusual Conditions,25.0,Dark - Lighted,Clear, , , , , ,No Injuries Reported,Yes,Lane / Road Departure,No,Yes,No Passengers in Vehicle,6.0,Clear
Cruise,Origin,2024.0,291.0,Yes,AUG-2023,00:36,Austin,TX ,Street,Dry,No Unusual Conditions,25.0,Dark - Lighted,Clear, , , , , ,No Injuries Reported,Yes,Lane / Road Departure,No,Yes,No Passengers in Vehicle,6.0,Clear
Jaguar,I-Pace,2021.0,59750.0,Yes,AUG-2023,21:37,Tempe,AZ ,Intersection,Dry,No Unusual Conditions,35.0,Dark - Lighted,Clear, , , , , ,Unknown,Yes,Stopped,No,Yes,No Passengers in Vehicle,0.0,Clear
Jaguar,I-Pace,2021.0,66652.0,Yes,AUG-2023,18:38,Phoenix,AZ ,Intersection,Dry,No Unusual Conditions,35.0,Daylight,Clear, , , , , ,No Injuries Reported,Yes,Changing Lanes,No,Yes,No Passengers in Vehicle,8.0,Clear
Jaguar,I-Pace,2021.0,59750.0,Yes,AUG-2023,21:37,Tempe,AZ ,Intersection,Dry,No Unusual Conditions,35.0,Dark - Lighted,Clear, , , , , ,Unknown,Yes,Stopped,No,Yes,No Passengers in Vehicle,0.0,Clear
Jaguar,I-Pace,2021.0,75443.0,Yes,JUL-2023,9:02,Phoenix,AZ ,Street,Dry,No Unusual Conditions,25.0,Daylight, , ,Cloudy, , , ,No Injuries Reported,Yes,Parked,No,No,No Passengers in Vehicle,0.0,Cloudy
Peterbilt,579m,2022.0,68773.0,Yes,JUL-2023,09:35,BUFFALO,TX ,Highway / Freeway,Dry,No Unusual Conditions,70.0,Daylight,Clear, , , , , ,No Injuries Reported,Yes,Proceeding Straight,No,No,Yes,64.0,Clear
Cruise,AV,2023.0,5725.0,Yes,JUL-2023,02:29,Austin,TX ,Intersection,Dry,No Unusual Conditions,25.0,Dark - Lighted,Clear, , , , , ,No Injuries Reported,Yes,Stopped,No,No,No Passengers in Vehicle,0.0,Clear
Cruise,AV,2023.0,5725.0,Yes,JUL-2023,02:29,Austin,TX ,Intersection,Dry,No Unusual Conditions,25.0,Dark - Lighted,Clear, , , , , ,No Injuries Reported,Yes,Stopped,No,No,No Passengers in Vehicle,0.0,Clear
Toyota,Sienna,2021.0,18444.0,Yes,JUL-2023,17:25,Grand Rapids,MN ,Street,Dry,"Other, see Narrative",30.0,Daylight,Clear, , , , , ,No Injuries Reported,No,Stopped,No,No,No Passengers in Vehicle,0.0,Clear
Jaguar,I-Pace,2021.0,35785.0,Yes,JUL-2023,15:34,Tempe,AZ ,Street,Dry,"Other, see Narrative",40.0,Daylight,Clear, , , , , ,Minor,Yes,Proceeding Straight,No,Yes,"No, see Narrative",3.0,Clear
Cruise,AV,2023.0,9111.0,Yes,JUL-2023,05:35,Austin,TX ,Intersection,Dry,No Unusual Conditions,25.0,Dark - Lighted,Clear, , , , , ,No Injuries Reported,Yes,Proceeding Straight,No,Yes,No Passengers in Vehicle,22.0,Clear
Cruise,AV,2023.0,9111.0,Yes,JUL-2023,05:35,Austin,TX ,Intersection,Dry,No Unusual Conditions,25.0,Dark - Lighted,Clear, , , , , ,No Injuries Reported,Yes,Proceeding Straight,No,Yes,No Passengers in Vehicle,22.0,Clear
Cruise,AV,2022.0,34706.0,Yes,JUL-2023,20:38,Tempe,AZ ,Street,Dry,No Unusual Conditions,40.0,Dark - Lighted,Clear, , , , , ,Minor,Yes,Proceeding Straight,No,No,Yes,27.0,Clear
Cruise,AV,2022.0,34706.0,Yes,JUL-2023,20:38,Tempe,AZ ,Street,Dry,No Unusual Conditions,40.0,Dark - Lighted,Clear, , , , , ,Minor,Yes,Proceeding Straight,No,No,Yes,27.0,Clear
Cruise,AV,2023.0,7078.0,Yes,JUL-2023,19:50,Austin,TX ,Intersection,Dry,No Unusual Conditions,25.0,Dawn / Dusk,Clear, , , , , ,No Injuries Reported,Yes,Proceeding Straight,Yes,Yes,No Passengers in Vehicle,20.0,Clear
Cruise,AV,2023.0,7078.0,Yes,JUL-2023,19:50,Austin,TX ,Intersection,Dry,No Unusual Conditions,25.0,Dawn / Dusk,Clear, , , , , ,No Injuries Reported,Yes,Proceeding Straight,Yes,Yes,No Passengers in Vehicle,20.0,Clear
Jaguar,I-Pace,2021.0,68928.0,Yes,JUN-2023,21:39,Tempe,AZ ,Highway / Freeway,Dry,No Unusual Conditions,65.0,Dark - Not Lighted,Clear, , , , , ,No Injuries Reported,Yes,Proceeding Straight,No,No,Yes,56.0,Clear
Jaguar,I-Pace,2021.0,68928.0,Yes,JUN-2023,21:39,Tempe,AZ ,Highway / Freeway,Dry,No Unusual Conditions,65.0,Dark - Not Lighted,Clear, , , , , ,No Injuries Reported,Yes,Proceeding Straight,No,No,Yes,56.0,Clear
Cruise,AV,2023.0,5697.0,Yes,JUN-2023,21:04,Austin,TX ,Street,Dry,No Unusual Conditions,25.0,Dawn / Dusk,Clear, , , , , ,No Injuries Reported,Yes,Stopped,No,No,No Passengers in Vehicle,0.0,Clear
Hyundai,Ioniq 5,2021.0,5581.0,Yes,JUN-2023,21:42,Las Vegas,NV ,Intersection,Dry,Traffic Incident,15.0,Dark - Lighted,Clear, , , , , ,Minor,Yes,Making Left Turn,No,No,Yes,3.0,Clear
Jaguar,I-Pace,2021.0,47784.0,Yes,JUL-2023,18:13,Chandler,AZ ,Intersection,Dry,No Unusual Conditions,25.0,Daylight,Clear, , , , , ,No Injuries Reported,Yes,Stopped,No,No,No Passengers in Vehicle,0.0,Clear
Hyundai,IONIQ 5,2021.0,5581.0,Yes,JUN-2023,21:42,Las Vegas,NV ,Intersection,Dry,Traffic Incident,15.0,Dark - Lighted,Clear, , , , , ,Minor,Yes,Making Left Turn,No,No,Yes,3.0,Clear
Cruise,AV,2023.0,5697.0,Yes,JUN-2023,21:04,Austin,TX ,Street,Dry,No Unusual Conditions,25.0,Dawn / Dusk,Clear, , , , , ,No Injuries Reported,Yes,Stopped,No,No,No Passengers in Vehicle,0.0,Clear
Hyundai,Ioniq 5,2020.0,5581.0,Yes,JUN-2023,21:42,Las Vegas,NV ,Intersection,Dry,Traffic Incident,15.0,Dark - Lighted,Clear, , , , , ,Minor,Yes,Making Left Turn,No,No,Yes,3.0,Clear
Lucid,Air Touring,2023.0,3183.0,Yes,JUN-2023,14:59,Foster,RI ,Highway / Freeway,Dry,No Unusual Conditions,45.0,Daylight, , ,Cloudy, , , ,Unknown,Yes,Proceeding Straight,Yes,Yes,Yes,53.0,Cloudy
Jaguar,I-Pace,2021.0,87101.0,Yes,JUN-2023,20:58,Phoenix,AZ ,Street,Dry,No Unusual Conditions,35.0,Dark - Lighted,Clear, , , , , ,No Injuries Reported,Yes,Changing Lanes,No,Yes,Yes,35.0,Clear
Jaguar,I-Pace,2021.0,87101.0,Yes,JUN-2023,20:58,Phoenix,AZ ,Street,Dry,No Unusual Conditions,35.0,Dark - Lighted,Clear, , , , , ,No Injuries Reported,Yes,Changing Lanes,No,Yes,Yes,35.0,Clear
Lucid,Air Touring,2023.0,3183.0,Yes,JUN-2023,14:59,Foster,RI ,Highway / Freeway,Dry,No Unusual Conditions,45.0,Daylight, , ,Cloudy, , , ,Unknown,Yes,Proceeding Straight,Yes,Yes,Yes,53.0,Cloudy
Jaguar,I-Pace,2021.0,69071.0,Yes,MAY-2023,23:30,Tempe,AZ ,Intersection,Dry,No Unusual Conditions,40.0,Dark - Lighted,Clear, , , , , ,No Injuries Reported,Yes,Stopped,No,No,Yes,0.0,Clear
Jaguar,I-Pace,2021.0,61480.0,Yes,MAY-2023,21:29,Mesa,AZ ,Highway / Freeway,Dry,Traffic Incident,65.0,Dark - Lighted,Clear, , , , , ,No Injuries Reported,Yes,Proceeding Straight,No,No,Yes,63.0,Clear
Lucid,Air Touring,2023.0,3183.0,Yes,JUN-2023,14:59,Foster,RI ,Highway / Freeway,Dry,No Unusual Conditions,45.0,Daylight, , ,Cloudy, , , ,Unknown,Yes,Proceeding Straight,Yes,Yes,Yes,53.0,Cloudy
Jaguar,I-Pace,2021.0,55792.0,Yes,MAY-2023,09:42,Phoenix,AZ ,Street,Dry,No Unusual Conditions,25.0,Daylight,Clear, , , , , ,No Injuries Reported,Yes,Stopped,No,No,No Passengers in Vehicle,0.0,Clear
Jaguar,I-Pace,2021.0,69071.0,Yes,MAY-2023,23:30,Tempe,AZ ,Intersection,Dry,No Unusual Conditions,40.0,Dark - Lighted,Clear, , , , , ,No Injuries Reported,Yes,Stopped,No,No,Yes,0.0,Clear
Jaguar,I-Pace,2021.0,61480.0,Yes,MAY-2023,21:29,Mesa,AZ ,Highway / Freeway,Dry,Traffic Incident,65.0,Dark - Lighted,Clear, , , , , ,No Injuries Reported,Yes,Proceeding Straight,No,No,Yes,63.0,Clear
Jaguar,I-Pace,2021.0,34261.0,Yes,MAY-2023,13:37,Phoenix,AZ ,Street,Dry,No Unusual Conditions,35.0,Daylight,Clear, , , , , ,No Injuries Reported,Yes,Proceeding Straight,No,No,No Passengers in Vehicle,32.0,Clear
Cruise,AV,2023.0,8032.0,Yes,MAY-2023,00:14,Austin,TX ,Street,Dry,No Unusual Conditions,25.0,Dark - Lighted,Clear, , , , , ,No Injuries Reported,Yes,Stopped,No,No,No Passengers in Vehicle,0.0,Clear
Cruise,AV,2022.0,12624.0,Yes,MAY-2023,23:12,Austin,TX ,Street,Dry,No Unusual Conditions,25.0,Dark - Lighted,Clear, , , , , ,No Injuries Reported,Yes,Stopped,No,No,Yes,0.0,Clear
Cruise,AV,2023.0,6367.0,Yes,MAY-2023,00:35,Austin,TX ,Street,Dry,No Unusual Conditions,25.0,Dark - Lighted,Clear, , , , , ,No Injuries Reported,Yes,Proceeding Straight,Yes,No,No Passengers in Vehicle,8.0,Clear
Cruise,AV,2023.0,1459.0,Yes,MAY-2023,00:35,Austin,TX ,Street,Dry,No Unusual Conditions,25.0,Dark - Lighted,Clear, , , , , ,No Injuries Reported,Yes,Stopped,No,No,"No, see Narrative",0.0,Clear
Cruise,AV,2023.0,8032.0,Yes,MAY-2023,00:14,Austin,TX ,Street,Dry,No Unusual Conditions,25.0,Dark - Lighted,Clear, , , , , ,No Injuries Reported,Yes,Stopped,No,No,No Passengers in Vehicle,0.0,Clear
Cruise,AV,2022.0,12624.0,Yes,MAY-2023,23:12,Austin,TX ,Street,Dry,No Unusual Conditions,25.0,Dark - Lighted,Clear, , , , , ,No Injuries Reported,Yes,Stopped,No,No,Yes,0.0,Clear
Cruise,AV,2023.0,6367.0,Yes,MAY-2023,00:35,Austin,TX ,Street,Dry,No Unusual Conditions,25.0,Dark - Lighted,Clear, , , , , ,No Injuries Reported,Yes,Proceeding Straight,No,No,No Passengers in Vehicle,8.0,Clear
Cruise,AV,2023.0,1459.0,Yes,MAY-2023,00:35,Austin,TX ,Street,Dry,No Unusual Conditions,25.0,Dark - Lighted,Clear, , , , , ,No Injuries Reported,Yes,Stopped,No,No,"No, see Narrative",0.0,Clear
Toyota,Highlander,2016.0,112547.0,Yes,JAN-2023,15:00,Las Vegas,NV ,Street,Dry,No Unusual Conditions,30.0,Daylight,Clear, , , , , ,No Injuries Reported,Yes,Proceeding Straight,No,No,Yes,24.0,Clear
Toyota,Highlander,2016.0,120162.0,Yes,MAY-2023,10:52,Paradise,NV ,Street,Dry,No Unusual Conditions,45.0,Daylight,Clear, , , , , ,Minor,Yes,Stopped,No,No,Yes,0.0,Clear
Jaguar,I-PACE,2021.0,85743.0,Yes,JUN-2023,13:17,Phoenix,AZ ,Highway / Freeway,Dry,Work Zone,65.0,Daylight,Clear, , , , , ,Moderate,Yes,Proceeding Straight,No,Yes,Yes,13.0,Clear
Lucid,Air Touring,2023.0,3183.0,Yes,JUN-2023,14:59,Foster,RI ,Highway / Freeway,Dry,No Unusual Conditions,45.0,Daylight, , ,Cloudy, , , ,Unknown,Yes,Proceeding Straight,Yes,Yes,Yes,53.0,Cloudy
Cruise,AV,2020.0,52008.0,Yes,JUN-2023,04:31,Chandler,AZ ,Intersection,Dry,No Unusual Conditions,45.0,Dark - Lighted,Clear, , , , , ,No Injuries Reported,Yes,Proceeding Straight,No,Yes,No Passengers in Vehicle,14.0,Clear
Jaguar,I-PACE,2021.0,85743.0,Yes,JUN-2023,13:17,Phoenix,AZ ,Highway / Freeway,Dry,Work Zone,65.0,Daylight,Clear, , , , , ,Unknown,Yes,Proceeding Straight,No,Yes,Yes,13.0,Clear
Cruise,AV,2020.0,52008.0,Yes,JUN-2023,04:31,Chandler,AZ ,Intersection,Dry,No Unusual Conditions,45.0,Dark - Lighted,Clear, , , , , ,No Injuries Reported,Yes,Proceeding Straight,No,Yes,No Passengers in Vehicle,14.0,Clear
Jaguar,I-PACE,2021.0,85743.0,Yes,JUN-2023,13:17,Phoenix,AZ ,Highway / Freeway,Dry,Work Zone,65.0,Daylight,Clear, , , , , ,Unknown,Yes,Proceeding Straight,No,Yes,Yes,13.0,Clear
Toyota,Sienna,2021.0,13761.0,Yes,MAY-2023,16:40,Grand Rapids,MN ,Intersection,Dry,No Unusual Conditions,30.0,Daylight,Clear, , , , , ,No Injuries Reported,No,Stopped,No,No,Yes,0.0,Clear
Jaguar,I-Pace,2021.0,78122.0,Yes,MAY-2023,17:54,Phoenix,AZ ,Parking Lot,Dry,"Other, see Narrative",15.0,Daylight,Clear, , , , , ,No Injuries Reported,Yes,Proceeding Straight,No,Yes,No Passengers in Vehicle,10.0,Clear
Jaguar,I-Pace,2021.0,43564.0,Yes,MAY-2023,17:34,Phoenix,AZ ,Parking Lot,Dry,"Other, see Narrative",15.0,Daylight,Clear, , , , , ,No Injuries Reported,Yes,Proceeding Straight,No,Yes,Yes,8.0,Clear
Cruise,AV,2020.0,55445.0,Yes,APR-2023,14:58,Mesa,AZ ,Street,Dry,No Unusual Conditions,45.0,Daylight,Clear, , , , , ,No Injuries Reported,Yes,Proceeding Straight,No,No,Yes,34.0,Clear
Jaguar,I-PACE,2021.0,48606.0,Yes,APR-2023,8:02,Phoenix,AZ ,Intersection,Dry,No Unusual Conditions,35.0,Daylight,Clear, , , , , ,No Injuries Reported,Yes,Proceeding Straight,No,No,Yes,1.0,Clear
Chrysler,Pacifica,2017.0,24311.0,Yes,APR-2023,15:43,Tempe,AZ ,Intersection,Dry,No Unusual Conditions,45.0,Daylight,Clear, , , , , ,No Injuries Reported,Yes,Proceeding Straight,No,No,Yes,5.0,Clear
Cruise,AV,2020.0,55445.0,Yes,APR-2023,14:58,Mesa,AZ ,Street,Dry,No Unusual Conditions,45.0,Daylight,Clear, , , , , ,No Injuries Reported,Yes,Proceeding Straight,No,No,Yes,34.0,Clear
Lexus,RX450h,2020.0,28420.0,Yes,APR-2023,16:16,Ann Arbor,MI ,Street,Dry,No Unusual Conditions,25.0,Daylight,Clear, , , , , ,No Injuries Reported,No,"Other, see Narrative",No,No,Yes,18.0,Clear
Cruise,AV,2022.0,4743.0,Yes,APR-2023,03:15,Austin,TX ,Street,Dry,No Unusual Conditions,25.0,Dark - Lighted,Clear, , , , , ,No Injuries Reported,Yes,Stopped,No,Yes,"No, see Narrative",0.0,Clear
Cruise,AV,2023.0,4131.0,Yes,APR-2023,03:15,Austin,TX ,Street,Dry,No Unusual Conditions,25.0,Dark - Lighted,Clear, , , , , ,No Injuries Reported,Yes,Proceeding Straight,No,No,No Passengers in Vehicle,9.0,Clear
Cruise,AV,2023.0,4131.0,Yes,APR-2023,03:15,Austin,TX ,Street,Dry,No Unusual Conditions,25.0,Dark - Lighted,Clear, , , , , ,No Injuries Reported,Yes,Proceeding Straight,No,No,No Passengers in Vehicle,9.0,Clear
Cruise,AV,2022.0,4743.0,Yes,APR-2023,03:15,Austin,TX ,Street,Dry,No Unusual Conditions,25.0,Dark - Lighted,Clear, , , , , ,No Injuries Reported,Yes,Stopped,No,Yes,"No, see Narrative",0.0,Clear
Jaguar,I-Pace,2021.0,61708.0,Yes,MAR-2023,13:35,Tempe,AZ ,Intersection,Dry,No Unusual Conditions,35.0,Daylight,Clear, , , , , ,No Injuries Reported,Yes,Making Right Turn,No,No,Yes,2.0,Clear
Jaguar,I-Pace,2021.0,44094.0,Yes,MAR-2023,19:00,Tempe,AZ ,Street,Dry,No Unusual Conditions,40.0,Dark - Lighted,Clear, , , , , ,Minor,Unknown,Proceeding Straight,No,No,Yes,1.0,Clear
Jaguar,I-Pace,2021.0,44094.0,Yes,MAR-2023,19:00,Tempe,AZ ,Street,Dry,No Unusual Conditions,40.0,Dark - Lighted,Clear, , , , , ,Minor,Unknown,Proceeding Straight,No,No,Yes,1.0,Clear
Jaguar,I-Pace,2021.0,61708.0,Yes,MAR-2023,13:35,Tempe,AZ ,Intersection,Dry,No Unusual Conditions,35.0,Daylight,Clear, , , , , ,No Injuries Reported,Yes,Making Right Turn,No,No,Yes,2.0,Clear
Nissan,Leaf SV Plus,2023.0,868.0,Yes,DEC-2022,16:31,Las Vegas,NV ,Intersection,Dry,No Unusual Conditions,30.0,Dawn / Dusk,Clear, , , , , ,No Injuries Reported,Yes,Making Right Turn,No,No,Yes,0.0,Clear
Jaguar,I-Pace,2021.0,38196.0,Yes,MAR-2023,12:03,Phoenix,AZ ,Street,Dry,No Unusual Conditions,25.0,Daylight,Clear, , , , , ,No Injuries Reported,Yes,Stopped,No,No,No Passengers in Vehicle,0.0,Clear
Peterbilt,579,2022.0,31279.0,Yes,MAR-2023,8:01,Weatherford,TX ,Highway / Freeway,Dry,No Unusual Conditions,70.0,Daylight, , ,Cloudy, , , ,No Injuries Reported,Yes,Lane / Road Departure,No,No,Unknown,65.0,Cloudy
Cruise,AV,2023.0,4131.0,Yes,APR-2023,03:15,Austin,TX ,Street,Dry,No Unusual Conditions,25.0,Dark - Lighted,Clear, , , , , ,No Injuries Reported,Yes,Proceeding Straight,No,No,No Passengers in Vehicle,9.0,Clear
Cruise,AV,2022.0,4743.0,Yes,APR-2023,03:15,Austin,TX ,Street,Dry,No Unusual Conditions,25.0,Dark - Lighted,Clear, , , , , ,No Injuries Reported,Yes,Stopped,No,Yes,"No, see Narrative",0.0,Clear
Cruise,AV,2023.0,4131.0,Yes,APR-2023,03:15,Austin,TX ,Street,Dry,No Unusual Conditions,25.0,Dark - Lighted,Clear, , , , , ,No Injuries Reported,Yes,Proceeding Straight,No,No,No Passengers in Vehicle,9.0,Clear
Cruise,AV,2022.0,4743.0,Yes,APR-2023,03:15,Austin,TX ,Street,Dry,No Unusual Conditions,25.0,Dark - Lighted,Clear, , , , , ,No Injuries Reported,Yes,Stopped,No,Yes,"No, see Narrative",0.0,Clear