Make,Model,Model Year,Mileage,ADS Equipped?,Incident Date,Incident Time (24:00),City,State,Roadway Type,Roadway Surface,Roadway Description,Posted Speed Limit (MPH),Lighting,Weather - Clear,Weather - Snow,Weather - Cloudy,Weather - Fog/Smoke,Weather - Rain,Weather - Severe Wind,Highest Injury Severity Alleged,Property Damage?,SV Pre-Crash Movement,SV Any Air Bags Deployed?,SV Was Vehicle Towed?,SV Were All Passengers Belted?,SV Precrash Speed (MPH),Weather
Peterbilt,579m,2022.0,31279.0,Yes,MAR-2023,08:01,Weatherford,TX ,Highway / Freeway,Dry,No Unusual Conditions,70.0,Daylight, , ,Cloudy, , , ,No Injuries Reported,Yes,Proceeding Straight,No,No,Unknown,65.0,Cloudy
Toyota,Highlander,2016.0,111324.0,Yes,MAR-2023,14:40,Paradise,NV ,Intersection,Dry,No Unusual Conditions,45.0,Daylight,Clear, , , , , ,No Injuries Reported,Yes,Merging,No,No,Yes,0.0,Clear
Toyota,111324,2016.0,111324.0,Yes,MAR-2023,14:40,Paradise,NV ,Intersection,Dry,No Unusual Conditions,45.0,Daylight,Clear, , , , , ,No Injuries Reported,Yes,Merging,No,No,Yes,0.0,Clear
Toyota,Highlander,2016.0,97446.0,Yes,MAR-2023,22:45,Paradise,NV ,Street,Dry,No Unusual Conditions,25.0,Dark - Unknown Lighting,Clear, , , , , ,No Injuries Reported,Yes,Making Right Turn,No,No,Yes,4.0,Clear
Cruise,AV,2023.0,3904.0,Yes,MAR-2023,13:01,Tempe,AZ ,Intersection,Dry,No Unusual Conditions,35.0,Daylight,Clear, , , , , ,Minor,Yes,Proceeding Straight,No,Yes,Yes,6.0,Clear
Cruise,AV,2023.0,3904.0,Yes,MAR-2023,13:01,Tempe,AZ ,Intersection,Dry,No Unusual Conditions,35.0,Daylight,Clear, , , , , ,Minor,Yes,Proceeding Straight,No,Yes,Yes,6.0,Clear
Jaguar,I-Pace,2021.0,50282.0,Yes,FEB-2023,17:27,Tempe,AZ ,Street,Dry,No Unusual Conditions,45.0,Daylight,Clear, , , , , ,No Injuries Reported,No,Proceeding Straight,No,No,Yes,40.0,Clear
Jaguar,I-Pace,2021.0,50282.0,Yes,FEB-2023,17:27,Tempe,AZ ,Street,Dry,No Unusual Conditions,45.0,Daylight,Clear, , , , , ,No Injuries Reported,No,Proceeding Straight,No,No,Yes,40.0,Clear
Kenworth Motor Truck Co,T680,2023.0,40405.0,Yes,FEB-2023,10:15,Waxahachie,TX ,Highway / Freeway,Dry,Work Zone,60.0,Daylight, , ,Cloudy, , , ,No Injuries Reported,Yes,Proceeding Straight,No,No,Yes,56.0,Cloudy
Kenworth Motor Truck Co,T680,2023.0,40405.0,Yes,FEB-2023,10:15,Waxahachie,TX ,Highway / Freeway,Dry,Work Zone,60.0,Daylight, , ,Cloudy, , , ,No Injuries Reported,Yes,Proceeding Straight,No,No,Yes,56.0,Cloudy
Hyundai,Ioniq 5,2021.0,6330.0,Yes,FEB-2023,14:18,Las Vegas,NV ,Street,Dry,No Unusual Conditions,15.0,Daylight,Clear, , , , , ,No Injuries Reported,Yes,Changing Lanes,No,No,Yes,10.0,Clear
Cruise,AV,2023.0,3904.0,Yes,MAR-2023,13:01,Tempe,AZ ,Intersection,Dry,No Unusual Conditions,35.0,Daylight,Clear, , , , , ,Minor,Yes,Proceeding Straight,No,Yes,Yes,6.0,Clear
Cruise,AV,2023.0,3904.0,Yes,MAR-2023,13:01,Tempe,AZ ,Intersection,Dry,No Unusual Conditions,35.0,Daylight,Clear, , , , , ,Minor,Yes,Proceeding Straight,No,Yes,Yes,6.0,Clear
Jaguar,I-Pace,2021.0,47034.0,Yes,FEB-2023,13:08,Tempe,AZ ,Highway / Freeway,Dry,No Unusual Conditions,65.0,Daylight,Clear, , , , , ,No Injuries Reported,Yes,Proceeding Straight,No,Yes,Yes,13.0,Clear
Jaguar,I-Pace,2021.0,47034.0,Yes,FEB-2023,13:08,Tempe,AZ ,Highway / Freeway,Dry,No Unusual Conditions,65.0,Daylight,Clear, , , , , ,No Injuries Reported,Yes,Proceeding Straight,No,Yes,Yes,13.0,Clear
Jaguar,I-Pace,2021.0,47034.0,Yes,FEB-2023,13:08,Tempe,AZ ,Highway / Freeway,Dry,No Unusual Conditions,65.0,Daylight,Clear, , , , , ,No Injuries Reported,Yes,Proceeding Straight,No,Yes,Yes,13.0,Clear
Jaguar,I-Pace,2021.0,47034.0,Yes,FEB-2023,13:08,Tempe,AZ ,Highway / Freeway,Dry,No Unusual Conditions,65.0,Daylight,Clear, , , , , ,No Injuries Reported,Yes,Proceeding Straight,No,Yes,Yes,13.0,Clear
Local Motors,2.0,2018.0,280.0,Yes,JAN-2023,11:01,Peachtree Corners,GA ,Street,Dry,No Unusual Conditions,30.0,Daylight, , ,Cloudy, , , ,No Injuries Reported,Yes,Proceeding Straight,No,No,Yes,9.0,Cloudy
Toyota,Highlander,2016.0,89119.0,Yes,FEB-2023,13:50,Paradise,NV ,Intersection,Dry,No Unusual Conditions,45.0,Daylight,Clear, , , , , ,Minor,Yes,Merging,No,No,Yes,0.0,Clear
Chrysler,Pacifica,2017.0,64430.0,Yes,JAN-2023,13:53,Chandler,AZ ,Intersection,Dry,No Unusual Conditions,25.0,Daylight,Clear, , , , , ,No Injuries Reported,Yes,Making Right Turn,No,No,No Passengers in Vehicle,0.0,Clear
Jaguar,I-Pace,2021.0,26717.0,Yes,JAN-2023,17:36,Phoenix,AZ ,Parking Lot,Dry,No Unusual Conditions,5.0,Dark - Lighted,Clear, , , , , ,No Injuries Reported,Yes,Stopped,No,No,No Passengers in Vehicle,0.0,Clear
Kenworth Motor Truck Co,T680,2023.0,40405.0,Yes,FEB-2023,10:15,Waxahachie,TX ,Highway / Freeway,Dry,Work Zone,60.0,Daylight, , ,Cloudy, , , ,No Injuries Reported,Yes,Proceeding Straight,No,No,Yes,56.0,Cloudy
Toyota,Highlander,2016.0,112547.0,Yes,JAN-2023,15:00,Las Vegas,NV ,Street,Dry,No Unusual Conditions,30.0,Daylight,Clear, , , , , ,No Injuries Reported,Yes,Proceeding Straight,No,No,Yes,24.0,Clear
Hyundai,Ioniq 5,2021.0,3474.0,Yes,JAN-2023,13:17,Las Vegas,NV ,Street,Dry,No Unusual Conditions,35.0,Daylight,Clear, , , , , ,No Injuries Reported,Yes,Proceeding Straight,Not Applicable,No,Yes,18.0,Clear
Kenworth Motor Truck Co,T680,2023.0,40405.0,Yes,FEB-2023,10:15,Waxahachie,TX ,Highway / Freeway,Dry,Work Zone,60.0,Daylight, , ,Cloudy, , , ,No Injuries Reported,Yes,Proceeding Straight,No,No,Yes,56.0,Cloudy
Toyota,Highlander,2016.0,89119.0,Yes,FEB-2023,13:50,Paradise,NV ,Intersection,Dry,No Unusual Conditions,45.0,Daylight,Clear, , , , , ,Minor,Yes,Merging,No,No,Yes,0.0,Clear
Jaguar,I-Pace,2021.0,29338.0,Yes,JAN-2023,13:38,Phoenix,AZ ,Intersection,Dry,No Unusual Conditions,35.0,Daylight,Clear, , , , , ,No Injuries Reported,Yes,Proceeding Straight,No,No,Yes,8.0,Clear
Jaguar,I-Pace,2021.0,29338.0,Yes,JAN-2023,13:38,Phoenix,AZ ,Intersection,Dry,No Unusual Conditions,35.0,Daylight,Clear, , , , , ,No Injuries Reported,Yes,Proceeding Straight,No,No,Yes,8.0,Clear
Peterbilt,579 Epiq,2021.0,224066.0,Yes,DEC-2022,05:18,Sacaton,AZ ,Highway / Freeway,Dry,No Unusual Conditions,75.0,Dark - Not Lighted, , ,Cloudy, , , ,No Injuries Reported,Yes,Changing Lanes,No,No,Yes,51.0,Cloudy
Peterbilt,579 Epiq,2021.0,224066.0,Yes,DEC-2022,05:18,Sacaton,AZ ,Highway / Freeway,Dry,No Unusual Conditions,75.0,Dark - Not Lighted, , ,Cloudy, , , ,No Injuries Reported,Yes,Changing Lanes,No,No,Yes,51.0,Cloudy
Peterbilt,579 Epiq,2021.0,224066.0,Yes,DEC-2022,05:18,Sacaton,AZ ,Highway / Freeway,Dry,No Unusual Conditions,75.0,Dark - Not Lighted, , ,Cloudy, , , ,No Injuries Reported,Yes,Changing Lanes,No,No,Yes,51.0,Cloudy
Peterbilt,579 Epiq,2021.0,224066.0,Yes,DEC-2022,5:18,Sacaton,AZ ,Highway / Freeway,Dry,No Unusual Conditions,75.0,Dark - Not Lighted, , ,Cloudy, , , ,No Injuries Reported,Yes,Changing Lanes,No,No,Yes,51.0,Cloudy
Toyota,Sienna,2021.0,5708.0,Yes,DEC-2022,09:02,Sun City,AZ ,Street,Dry,No Unusual Conditions,30.0,Daylight,Clear, , , , , ,No Injuries Reported,No,Stopped,No,No,Yes,0.0,Clear
Lexus,RX450H,2020.0,25702.0,Yes,NOV-2022,15:43,Ann Arbor,MI ,Intersection,Dry,No Unusual Conditions,25.0,Daylight,Clear, , , , , ,No Injuries Reported,No,Entering Traffic,No,No,Yes,4.0,Clear
Jaguar,I-Pace,2021.0,33978.0,Yes,NOV-2022,08:48,Phoenix,AZ ,Street,Dry,No Unusual Conditions,25.0,Daylight,Clear, , , , , ,No Injuries Reported,Yes,Stopped,No,No,No Passengers in Vehicle,0.0,Clear
Navya,ARMA,2018.0,3413.0,Yes,DEC-2022,17:53,Port Saint Lucie,FL ,Street,Dry,No Unusual Conditions,1.0,Dawn / Dusk,Clear, , , , , ,No Injuries Reported,Yes,"Other, see Narrative",Not Applicable,No,Yes,1.0,Clear
Jaguar,I-Pace,2021.0,47130.0,Yes,DEC-2022,21:05,Phoenix,AZ ,Parking Lot,Wet,No Unusual Conditions,15.0,Dark - Lighted,Clear, , , , , ,No Injuries Reported,Yes,Making Right Turn,No,Yes,No Passengers in Vehicle,11.0,Clear
Toyota,Highlander,2016.0,88602.0,Yes,NOV-2022,18:06,Las Vegas,NV ,Street,Dry,No Unusual Conditions,30.0,Dark - Lighted,Clear, , , , , ,No Injuries Reported,Yes,Changing Lanes,No,No,Yes,9.0,Clear
Toyota,Sienna,2021.0,5708.0,Yes,DEC-2022,09:02,Sun City,AZ ,Street,Dry,No Unusual Conditions,30.0,Daylight,Clear, , , , , ,No Injuries Reported,No,Stopped,No,No,Yes,0.0,Clear
Lexus,RX450H,2020.0,25702.0,Yes,NOV-2022,15:43,Ann Arbor,MI ,Intersection,Dry,No Unusual Conditions,25.0,Daylight,Clear, , , , , ,No Injuries Reported,No,Entering Traffic,No,No,Yes,4.0,Clear
Toyota,Sienna,2021.0,5708.0,Yes,DEC-2022,09:02,Sun City,AZ ,Street,Dry,No Unusual Conditions,30.0,Daylight,Clear, , , , , ,No Injuries Reported,No,Stopped,No,No,Yes,0.0,Clear
Lexus,RX450h,2020.0,24692.0,Yes,DEC-2022,18:38,Ann Arbor,MI ,Street,Dry,Traffic Incident,0.0,Dark - Lighted,Clear, , , , , ,No Injuries Reported,No,Stopped,No,No,Yes,0.0,Clear
Peterbilt,579,2022.0,3987.0,Yes,OCT-2022,10:55,Shenandoah,TX ,Highway / Freeway,Dry,No Unusual Conditions,65.0,Daylight,Clear, , , , , ,No Injuries Reported,Yes,Proceeding Straight,No,No,Yes,64.0,Clear
Ford,Escape,2020.0,2277.0,Yes,OCT-2022,08:00,Austin,TX ,Street,Dry,No Unusual Conditions,25.0,Daylight,Clear, , , , , ,No Injuries Reported,Yes,Making Right Turn,No,No,Yes,0.0,Clear
Ford,Escape,2020.0,1912.0,Yes,OCT-2022,13:14,Austin,TX ,Street,Dry,No Unusual Conditions,30.0,Daylight,Clear, , , , , ,No Injuries Reported,Yes,Proceeding Straight,No,No,Yes,11.0,Clear
Lexus,RX450H,2020.0,25702.0,Yes,NOV-2022,15:43,Ann Arbor,MI ,Intersection,Dry,No Unusual Conditions,25.0,Daylight,Clear, , , , , ,No Injuries Reported,No,Entering Traffic,No,No,Yes,4.0,Clear
Peterbilt,579 Epiq,2022.0,151927.0,Yes,OCT-2022,13:35,Tempe,AZ ,Highway / Freeway,Dry,No Unusual Conditions,65.0,Daylight,Clear, , , , , ,No Injuries Reported,Yes,Proceeding Straight,No,Yes,Yes,59.0,Clear
Peterbilt,579 Epiq,2022.0,151927.0,Yes,OCT-2022,13:35,Tempe,AZ ,Highway / Freeway,Dry,No Unusual Conditions,65.0,Daylight,Clear, , , , , ,No Injuries Reported,Yes,Proceeding Straight,No,Yes,Yes,59.0,Clear
Ford,Escape,2020.0,2277.0,Yes,OCT-2022,08:00,Austin,TX ,Street,Dry,No Unusual Conditions,25.0,Daylight,Clear, , , , , ,No Injuries Reported,Yes,Making Right Turn,No,No,Yes,0.0,Clear
Ford,Escape,2020.0,1912.0,Yes,OCT-2022,13:14,Austin,TX ,Street,Dry,No Unusual Conditions,30.0,Daylight,Clear, , , , , ,No Injuries Reported,Yes,Proceeding Straight,No,No,Yes,11.0,Clear
Peterbilt,579 Epiq,2022.0,151927.0,Yes,OCT-2022,13:35,Tempe,AZ ,Highway / Freeway,Dry,No Unusual Conditions,65.0,Daylight,Clear, , , , , ,No Injuries Reported,Yes,Proceeding Straight,No,Yes,Yes,59.0,Clear
Peterbilt,579 Epiq,2022.0,151927.0,Yes,OCT-2022,13:35,Tempe,AZ ,Highway / Freeway,Dry,No Unusual Conditions,65.0,Daylight,Clear, , , , , ,No Injuries Reported,Yes,Proceeding Straight,No,Yes,Yes,59.0,Clear
Peterbilt,579 Epiq,2022.0,139488.0,Yes,SEP-2022,04:03,Huntsville,TX ,Highway / Freeway,Dry,No Unusual Conditions,75.0,Dark - Not Lighted,Clear, , , , , ,No Injuries Reported,Yes,Proceeding Straight,No,No,Yes,35.0,Clear
Peterbilt,579 Epiq,2022.0,139488.0,Yes,SEP-2022,04:03,Huntsville,TX ,Highway / Freeway,Dry,No Unusual Conditions,75.0,Dark - Not Lighted,Clear, , , , , ,No Injuries Reported,Yes,Proceeding Straight,No,No,Yes,35.0,Clear
Ford,Escape,2020.0,2902.0,Yes,SEP-2022,10:23,Miami,FL ,Street,Dry,No Unusual Conditions,25.0,Daylight,Clear, , , , , ,No Injuries Reported,Yes,Stopped,No,No,Yes,0.0,Clear
Lexus,RX450H,2020.0,19352.0,Yes,AUG-2022,16:15,Arlington,TX ,Intersection,Dry,Work Zone,25.0,Daylight,Clear, , , , , ,No Injuries Reported,Yes,Stopped,No,No,Yes,10.0,Clear
Ford,Escape,2020.0,2902.0,Yes,SEP-2022,10:23,Miami,FL ,Street,Dry,No Unusual Conditions,25.0,Daylight,Clear, , , , , ,No Injuries Reported,Yes,Stopped,No,No,Yes,0.0,Clear
Jaguar,I-Pace,2021.0,29977.0,Yes,SEP-2022,13:13,Phoenix,AZ ,Intersection,Dry,No Unusual Conditions,35.0,Daylight,Clear, , , , , ,Unknown,Yes,Stopped,No,Yes,Yes,0.0,Clear
Jaguar,I-Pace,2021.0,29977.0,Yes,SEP-2022,13:13,Phoenix,AZ ,Intersection,Dry,No Unusual Conditions,35.0,Daylight,Clear, , , , , ,Unknown,Yes,Stopped,No,Yes,Yes,0.0,Clear
Ligier,EZ10 Gen 3,2019.0,5357.0,Yes,AUG-2022,16:23,Rochester,MN ,Intersection,Dry,No Unusual Conditions,25.0,Daylight,Clear, , , , , ,No Injuries Reported,Yes,Proceeding Straight,No,No,Yes,0.0,Clear
Jaguar,I-Pace,2021.0,44439.0,Yes,AUG-2022,00:06,Tempe,AZ ,Street,Dry,No Unusual Conditions,30.0,Dark - Lighted, , , , , , ,No Injuries Reported,Yes,Proceeding Straight,No,No,Yes,10.0,Clear
Peterbilt,579 Epiq,2021.0,194446.0,Yes,AUG-2022,18:33,Ennis,TX ,Highway / Freeway,Dry,No Unusual Conditions,65.0,Dawn / Dusk, , ,Cloudy, , , ,No Injuries Reported,Yes,Proceeding Straight,No,No,Yes,61.0,Cloudy
Kenworth,T680,2022.0,10766.0,Yes,AUG-2022,18:00,Palmer,TX ,Highway / Freeway,Dry,No Unusual Conditions,75.0,Daylight,Clear, , , , , ,No Injuries Reported,Yes,Proceeding Straight,No,No,Yes,15.0,Clear
Jaguar,I-Pace,2021.0,40181.0,Yes,AUG-2022,23:30,Phoenix,AZ ,Street,Dry,No Unusual Conditions,25.0,Dark - Lighted, , , , , , ,No Injuries Reported,Yes,Proceeding Straight,No,No,Yes,23.0,Clear
Jaguar,I-Pace,2021.0,38984.0,Yes,AUG-2022,11:03,Tempe,AZ ,Street,Dry,No Unusual Conditions,45.0,Daylight,Clear, , , , , ,No Injuries Reported,Yes,Proceeding Straight,No,No,Yes,45.0,Clear
Jaguar,I-Pace,2021.0,44439.0,Yes,AUG-2022,00:06,Tempe,AZ ,Street,Dry,No Unusual Conditions,30.0,Dark - Lighted, , , , , , ,No Injuries Reported,Yes,Proceeding Straight,No,No,Yes,10.0,Clear
Peterbilt,579 Epiq,2021.0,194446.0,Yes,AUG-2022,18:33,Ennis,TX ,Highway / Freeway,Dry,No Unusual Conditions,65.0,Dawn / Dusk, , ,Cloudy, , , ,No Injuries Reported,Yes,Proceeding Straight,No,No,Yes,61.0,Cloudy
Jaguar,I-Pace,2021.0,40181.0,Yes,AUG-2022,23:30,Phoenix,AZ ,Street,Dry,No Unusual Conditions,25.0,Dark - Lighted, , , , , , ,No Injuries Reported,Yes,Proceeding Straight,No,No,Yes,23.0,Clear
Chrysler,Pacifica,2017.0,99215.0,Yes,AUG-2022,12:23,Chandler,AZ ,Parking Lot,Dry,No Unusual Conditions,10.0,Daylight,Clear, , , , , ,No Injuries Reported,Yes,Stopped,No,No,"No, see Narrative",0.0,Clear
Jaguar,I-Pace,2021.0,38984.0,Yes,AUG-2022,11:03,Tempe,AZ ,Street,Dry,No Unusual Conditions,45.0,Daylight,Clear, , , , , ,No Injuries Reported,Yes,Proceeding Straight,No,No,Yes,45.0,Clear
Ford,Escape,2020.0,4783.0,Yes,AUG-2022,12:31,Miami,FL ,Street,Dry,No Unusual Conditions,30.0,Daylight,Clear, , , , , ,No Injuries Reported,Yes,Stopped,No,No,Yes,0.0,Clear
Ford,Escape,2020.0,1857.0,Yes,AUG-2022,17:55,Miami Beach,FL ,Street,Dry,No Unusual Conditions,30.0,Daylight,Clear, , , , , ,No Injuries Reported,Yes,Stopped,No,No,Yes,0.0,Clear
Ford,Escape,2020.0,4783.0,Yes,AUG-2022,12:31,Miami,FL ,Street,Dry,No Unusual Conditions,30.0,Daylight,Clear, , , , , ,No Injuries Reported,Yes,Stopped,No,No,Yes,0.0,Clear
Ford,Escape,2020.0,1857.0,Yes,AUG-2022,17:55,Miami Beach,FL ,Street,Dry,No Unusual Conditions,30.0,Daylight,Clear, , , , , ,No Injuries Reported,Yes,Stopped,No,No,Yes,0.0,Clear
Jaguar,I-Pace,2021.0,29977.0,Yes,SEP-2022,13:13,Phoenix,AZ ,Intersection,Dry,No Unusual Conditions,35.0,Daylight,Clear, , , , , ,Unknown,No,Stopped,No,Yes,No Passengers in Vehicle,0.0,Clear
Kenworth Motor Truck Co,T680,2022.0,10766.0,Yes,AUG-2022,18:00,Palmer,TX ,Highway / Freeway,Dry,No Unusual Conditions,75.0,Daylight,Clear, , , , , ,No Injuries Reported,Yes,Proceeding Straight,No,No,Yes,15.0,Clear
Jaguar,I-Pace,2021.0,29977.0,Yes,SEP-2022,13:13,Phoenix,AZ ,Intersection,Dry,No Unusual Conditions,35.0,Daylight,Clear, , , , , ,Unknown,No,Stopped,No,Yes,No Passengers in Vehicle,0.0,Clear
LExus,RX450H,2020.0,19352.0,Yes,AUG-2022,16:15,Arlington,TX ,Intersection,Dry,Work Zone,25.0,Daylight,Clear, , , , , ,No Injuries Reported,Yes,Stopped,No,No,Yes,10.0,Clear
Ligier Group,EZ10 Gen 3,2019.0,5357.0,Yes,AUG-2022,16:23,Rochester,MN ,Intersection,Dry,No Unusual Conditions,25.0,Daylight,Clear, , , , , ,No Injuries Reported,Yes,Proceeding Straight,No,No,Yes,0.0,Clear
Kenworth Motor Truck Co,T680,2022.0,10766.0,Yes,AUG-2022,18:00,Palmer,TX ,Highway / Freeway,Dry,No Unusual Conditions,75.0,Daylight,Clear, , , , , ,No Injuries Reported,Yes,Proceeding Straight,No,No,Yes,15.0,Clear
Ligier,EZ10 Gen 3,2019.0,5357.0,Yes,AUG-2022,16:23,Rochester,MN ,Intersection,Dry,No Unusual Conditions,25.0,Daylight,Clear, , , , , ,No Injuries Reported,Yes,Proceeding Straight,No,No,Yes,0.0,Clear
Kenworth,T680,2022.0,10766.0,Yes,AUG-2022,18:00,Palmer,TX ,Highway / Freeway,Dry,No Unusual Conditions,75.0,Daylight,Clear, , , , , ,No Injuries Reported,Yes,Proceeding Straight,No,No,Yes,15.0,Clear
Kenworth Motor Truck Co,T680,2022.0,10766.0,Yes,AUG-2022,18:00,Palmer,TX ,Highway / Freeway,Dry,No Unusual Conditions,75.0,Daylight,Clear, , , , , ,No Injuries Reported,Yes,Proceeding Straight,No,No,Yes,15.0,Clear
Chrysler,Pacifica,2017.0,23524.0,Yes,JUL-2022,02:50,Tempe,AZ ,Parking Lot,Dry,No Unusual Conditions,15.0,Dark - Lighted, , , , , , ,No Injuries Reported,Yes,Stopped,No,No,"No, see Narrative",0.0,Clear
Chrysler,Pacifica,2017.0,52590.0,Yes,AUG-2022,10:25,Tempe,AZ ,Intersection,Dry,No Unusual Conditions,30.0,Daylight, , ,Cloudy, , , ,No Injuries Reported,Yes,Lane / Road Departure,No,Yes,Yes,18.0,Cloudy
Chrysler,Pacifica,2017.0,52590.0,Yes,AUG-2022,10:25,Tempe,AZ ,Intersection,Dry,No Unusual Conditions,30.0,Daylight, , ,Cloudy, , , ,No Injuries Reported,Yes,Lane / Road Departure,No,Yes,Yes,18.0,Cloudy
Chrysler,Pacifica,2017.0,23524.0,Yes,JUL-2022,02:50,Tempe,AZ ,Parking Lot,Dry,No Unusual Conditions,15.0,Dark - Lighted, , , , , , ,No Injuries Reported,Yes,Stopped,No,No,"No, see Narrative",0.0,Clear
Lexus,RX450H,2020.0,19835.0,Yes,MAY-2022,16:11,Arlington,TX ,Street,Dry,No Unusual Conditions,25.0,Daylight,Clear, , , , , ,No Injuries Reported,Yes,Proceeding Straight,No,No,Yes,11.0,Clear
Freightliner,Cascadia,2021.0,59545.0,Yes,JUL-2022,12:39,Santa Rosa,NM ,Highway / Freeway,Dry,No Unusual Conditions,75.0,Daylight,Clear, , , , , ,No Injuries Reported,Yes,Proceeding Straight,No,No,Yes,51.0,Clear
FREIGHTLINER,CASCADIA,2021.0,59545.0,Yes,JUL-2022,12:39,Santa Rosa,NM ,Highway / Freeway,Dry,No Unusual Conditions,75.0,Daylight,Clear, , , , , ,No Injuries Reported,Yes,Proceeding Straight,No,No,Yes,51.0,Clear
Chrysler,Pacifica,2017.0,52590.0,Yes,AUG-2022,10:25,Tempe,AZ ,Intersection,Dry,No Unusual Conditions,30.0,Daylight, , ,Cloudy, , , ,No Injuries Reported,Yes,Lane / Road Departure,No,Yes,Yes,18.0,Cloudy
Chrysler,Pacifica,2017.0,52590.0,Yes,AUG-2022,10:25,Tempe,AZ ,Intersection,Dry,No Unusual Conditions,30.0,Daylight, , ,Cloudy, , , ,No Injuries Reported,Yes,Lane / Road Departure,No,Yes,Yes,18.0,Cloudy
FREIGHTLINER,CASCADIA,2021.0,52858.0,Yes,JUL-2022,16:33,ALBUQUERQUE,NM ,Highway / Freeway,Dry,No Unusual Conditions,65.0,Daylight, , ,Cloudy, , , ,No Injuries Reported,Yes,Proceeding Straight,No,Yes,Yes,58.0,Cloudy
FREIGHTLINER,Cascadia,2021.0,52858.0,Yes,JUL-2022,16:33,ALBUQUERQUE,NM ,Highway / Freeway,Dry,No Unusual Conditions,65.0,Daylight, , ,Cloudy, , , ,No Injuries Reported,Yes,Proceeding Straight,No,Yes,Yes,58.0,Cloudy
FREIGHTLINER,CASCADIA,2021.0,52858.0,Yes,JUL-2022,16:33,ALBUQUERQUE,NM ,Highway / Freeway,Dry,No Unusual Conditions,65.0,Daylight, , ,Cloudy, , , ,No Injuries Reported,Yes,Proceeding Straight,No,Yes,Yes,58.0,Cloudy