Make,Model,Model Year,Mileage,ADS Equipped?,Incident Date,Incident Time (24:00),City,State,Roadway Type,Roadway Surface,Roadway Description,Posted Speed Limit (MPH),Lighting,Weather - Clear,Weather - Snow,Weather - Cloudy,Weather - Fog/Smoke,Weather - Rain,Weather - Severe Wind,Highest Injury Severity Alleged,Property Damage?,SV Pre-Crash Movement,SV Any Air Bags Deployed?,SV Was Vehicle Towed?,SV Were All Passengers Belted?,SV Precrash Speed (MPH),Weather
Jaguar,I-Pace,2021.0,11919.0,Yes,JUL-2022,9:04,Phoenix,AZ ,Intersection,Dry,No Unusual Conditions,35.0,Daylight,Clear, , , , , ,Minor,Yes,Making Left Turn,No,Yes,Yes,13.0,Clear
Jaguar,I-Pace,2021.0,11919.0,Yes,JUL-2022,09:04,Phoenix,AZ ,Intersection,Dry,No Unusual Conditions,35.0,Daylight,Clear, , , , , ,Minor,Yes,Making Left Turn,No,Yes,Yes,13.0,Clear
FREIGHTLINER,Cascadia,2021.0,52858.0,Yes,JUL-2022,16:33,ALBUQUERQUE,NM ,Highway / Freeway,Dry,No Unusual Conditions,65.0,Daylight, , ,Cloudy, , , ,No Injuries Reported,Yes,Proceeding Straight,No,Yes,Yes,58.0,Cloudy
Ford,Escape,2020.0,1949.0,Yes,JUN-2022,13:30,Pittsburgh,PA ,Intersection,Dry,No Unusual Conditions,25.0,Daylight,Clear, , , , , ,No Injuries Reported,Yes,Stopped,No,No,Yes,0.0,Clear
Ford,Escape,2020.0,2034.0,Yes,JUN-2022,14:48,Miami,FL ,Street,Wet,No Unusual Conditions,30.0,Daylight, , , , ,Rain, ,No Injuries Reported,Yes,Making Right Turn,No,No,Yes,1.0,Rain
Jaguar,I-Pace,2021.0,28219.0,Yes,JUL-2022,00:57,Tempe,AZ ,Street,Dry,No Unusual Conditions,45.0,Dark - Lighted,Clear, , , , , ,Unknown,Yes,Stopped,No,Yes,Yes,0.0,Clear
Ford,Escape,2020.0,1949.0,Yes,JUN-2022,13:30,Pittsburgh,PA ,Intersection,Dry,No Unusual Conditions,25.0,Daylight,Clear, , , , , ,No Injuries Reported,Yes,Stopped,No,No,Yes,0.0,Clear
Ford,Escape,2020.0,2034.0,Yes,JUN-2022,14:48,Miami,FL ,Street,Wet,No Unusual Conditions,30.0,Daylight, , , , ,Rain, ,No Injuries Reported,Yes,Making Right Turn,No,No,Yes,1.0,Rain
Jaguar,I-Pace,2021.0,11919.0,Yes,JUL-2022,9:04,Phoenix,AZ ,Intersection,Dry,No Unusual Conditions,35.0,Daylight,Clear, , , , , ,Minor,Yes,Making Left Turn,No,Yes,Yes,13.0,Clear
Jaguar,I-Pace,2021.0,11919.0,Yes,JUL-2022,09:04,Phoenix,AZ ,Intersection,Dry,No Unusual Conditions,35.0,Daylight,Clear, , , , , ,Minor,Yes,Making Left Turn,No,Yes,Yes,13.0,Clear
Jaguar,I-Pace,2021.0,28219.0,Yes,JUL-2022,00:57,Tempe,AZ ,Street,Dry,No Unusual Conditions,45.0,Dark - Lighted,Clear, , , , , ,Unknown,Yes,Stopped,No,Yes,Yes,0.0,Clear
Ford,Fusion,2019.0,10722.0,Yes,JUL-2021,09:26,Washington DC,DC ,Street,Dry,No Unusual Conditions,25.0,Daylight,Clear, , , , , ,Minor,Yes,Stopped,No,Yes,Yes,0.0,Clear
Ford,Escape,2020.0,1635.0,Yes,JUN-2022,16:35,Austin,TX ,Street,Dry,No Unusual Conditions,30.0,Daylight,Clear, , , , , ,No Injuries Reported,Yes,Stopped,No,No,Yes,0.0,Clear
Ford,Escape,2020.0,1635.0,Yes,JUN-2022,16:35,Austin,TX ,Street,Dry,No Unusual Conditions,30.0,Daylight,Clear, , , , , ,No Injuries Reported,Yes,Stopped,No,No,Yes,0.0,Clear
International,LT625,2021.0,78762.0,Yes,APR-2022,15:52,Tucson,AZ ,Highway / Freeway,Dry,No Unusual Conditions,65.0,Daylight,Clear, , , , , ,No Injuries Reported,Yes,Proceeding Straight,No,No,Yes,65.0,Clear
Ford,Escape,2020.0,1016.0,Yes,MAY-2022,08:11,WDC,DC ,Intersection,Dry,No Unusual Conditions,25.0,Daylight,Clear, , , , , ,No Injuries Reported,Yes,Stopped,No,No,Yes,0.0,Clear
Hyundai,Ioniq 5,2022.0,6742.0,Yes,MAY-2022,12:58,Las Vegas,NV ,Street,Dry,No Unusual Conditions,15.0,Daylight,Clear, , , , , ,No Injuries Reported,No,Proceeding Straight,No,No,Yes,8.0,Clear
Ford,Escape,2020.0,1016.0,Yes,MAY-2022,08:11,WDC,DC ,Intersection,Dry,No Unusual Conditions,25.0,Daylight,Clear, , , , , ,No Injuries Reported,Yes,Stopped,No,No,Yes,0.0,Clear
Lexus,RX450H,2020.0,19835.0,Yes,MAY-2022,16:11,Arlington,TX ,Street,Dry,No Unusual Conditions,25.0,Daylight,Clear, , , , , ,No Injuries Reported,Yes,Proceeding Straight,No,No,Yes,11.0,Clear
Ford,Escape,2020.0,1635.0,Yes,JUN-2022,16:35,Austin,TX ,Street,Dry,No Unusual Conditions,30.0,Daylight,Clear, , , , , ,No Injuries Reported,Yes,Stopped,No,No,Yes,0.0,Clear
Ford,Escape,2020.0,1635.0,Yes,JUN-2022,16:35,Austin,TX ,Street,Dry,No Unusual Conditions,30.0,Daylight,Clear, , , , , ,No Injuries Reported,Yes,Stopped,No,No,Yes,0.0,Clear
Jaguar,I-Pace,2021.0,32794.0,Yes,MAY-2022,02:30,Phoenix,AZ ,Intersection,Dry,No Unusual Conditions,35.0,Dark - Lighted,Clear, , , , , ,Unknown,Yes,Stopped,No,Yes,Yes,0.0,Clear
Jaguar,I-Pace,2021.0,30050.0,Yes,MAY-2022,01:43,Phoenix,AZ ,Parking Lot,Dry,No Unusual Conditions,25.0,Dark - Lighted,Clear, , , , , ,No Injuries Reported,Yes,Making Left Turn,No,Yes,Yes,9.0,Clear
Jaguar,I-Pace,2021.0,30050.0,Yes,MAY-2022,01:43,Phoenix,AZ ,Parking Lot,Dry,No Unusual Conditions,25.0,Dark - Lighted,Clear, , , , , ,No Injuries Reported,Yes,Making Left Turn,No,Yes,Yes,9.0,Clear
Jaguar,I-Pace,2021.0,30050.0,Yes,MAY-2022,01:43,Phoenix,AZ ,Parking Lot,Dry,No Unusual Conditions,25.0,Dark - Lighted,Clear, , , , , ,No Injuries Reported,Yes,Making Left Turn,No,Yes,Yes,9.0,Clear
Jaguar,I-Pace,2021.0,32794.0,Yes,MAY-2022,02:30,Phoenix,AZ ,Intersection,Dry,No Unusual Conditions,35.0,Dark - Lighted,Clear, , , , , ,Unknown,Yes,Stopped,No,Yes,Yes,0.0,Clear
Jaguar,I-Pace,2021.0,30050.0,Yes,MAY-2022,01:43,Phoenix,AZ ,Parking Lot,Dry,No Unusual Conditions,25.0,Dark - Lighted,Clear, , , , , ,No Injuries Reported,Yes,Making Left Turn,No,Yes,Yes,9.0,Clear
Peterbilt,579 Epiq,2022.0,58117.0,Yes,MAY-2022,15:11,Ennis,TX ,Highway / Freeway,Dry,No Unusual Conditions,65.0,Daylight,Clear, , , , , ,Moderate,Yes,Proceeding Straight,No,Yes,Yes,62.0,Clear
Peterbilt,579 Epiq,2022.0,58117.0,Yes,MAY-2022,15:11,Ennis,TX ,Highway / Freeway,Dry,No Unusual Conditions,65.0,Daylight,Clear, , , , , ,Moderate,Yes,Proceeding Straight,No,Yes,Yes,62.0,Clear
Jaguar,I-Pace,2021.0,21755.0,Yes,APR-2022,23:30,Phoenix,AZ ,Street,Dry,No Unusual Conditions,25.0,Dark - Lighted,Clear, , , , , ,No Injuries Reported,Yes,Proceeding Straight,No,No,Yes,24.0,Clear
INTERNATIONAL,LT 625,2021.0,78762.0,Yes,APR-2022,15:52,Tucson,AZ ,Highway / Freeway,Dry,No Unusual Conditions,65.0,Daylight,Clear, , , , , ,No Injuries Reported,Yes,Proceeding Straight,No,No,Yes,65.0,Clear
Peterbilt,579 Epiq,2022.0,58117.0,Yes,MAY-2022,15:11,Ennis,TX ,Highway / Freeway,Dry,No Unusual Conditions,65.0,Daylight,Clear, , , , , ,Moderate,Yes,Proceeding Straight,No,Yes,Yes,62.0,Clear
Peterbilt,579 Epiq,2022.0,58117.0,Yes,MAY-2022,15:11,Ennis,TX ,Highway / Freeway,Dry,No Unusual Conditions,65.0,Daylight,Clear, , , , , ,Moderate,Yes,Proceeding Straight,No,Yes,Yes,62.0,Clear
Jaguar,I-Pace,2021.0,17179.0,Yes,APR-2022,18:29,Phoenix,AZ ,Intersection,Dry,No Unusual Conditions,30.0,Daylight,Clear, , , , , ,No Injuries Reported,Yes,Making Right Turn,No,Yes,Yes,3.0,Clear
Jaguar,I-Pace,2021.0,18510.0,Yes,MAR-2022,18:14,Phoenix,AZ ,Intersection,Dry,No Unusual Conditions,35.0,Dark - Lighted,Clear, , , , , ,No Injuries Reported,Yes,Stopped,No,No,Yes,0.0,Clear
Ford,Fusion,2019.0,11510.0,Yes,MAR-2022,12:50,Miami,FL ,Intersection,Wet,No Unusual Conditions,30.0,Daylight, , ,Cloudy, , , ,No Injuries Reported,Yes,Stopped,No,No,Yes,0.0,Cloudy
Ford,Fusion,2019.0,11510.0,Yes,MAR-2022,12:50,Miami,FL ,Intersection,Wet,No Unusual Conditions,30.0,Daylight, , ,Cloudy, , , ,No Injuries Reported,Yes,Stopped,No,No,Yes,0.0,Cloudy
Jeep,Grand Cherokee,2022.0,6958.0,Yes,APR-2022,03:30,Saint Clair,MI ,Unknown,Dry,No Unusual Conditions,55.0,Dark - Unknown Lighting,Clear, , , , , ,No Injuries Reported,Yes,Unknown,No,Yes,Yes,50.0,Clear
Jaguar,I-Pace,2021.0,17179.0,Yes,APR-2022,18:29,Phoenix,AZ ,Intersection,Dry,No Unusual Conditions,30.0,Daylight,Clear, , , , , ,No Injuries Reported,Yes,Making Right Turn,No,Yes,Yes,3.0,Clear
Jeep,Grand Cherokee,2022.0,6958.0,Yes,APR-2022,03:30,Saint Clair,MI ,Unknown,Dry,No Unusual Conditions,55.0,Dark - Unknown Lighting,Clear, , , , , ,No Injuries Reported,Yes,Unknown,No,Yes,Yes,50.0,Clear
Jaguar,I-Pace,2021.0,13088.0,Yes,MAR-2022,14:57,Phoenix,AZ ,Intersection,Dry,No Unusual Conditions,25.0,Daylight, , ,Cloudy, , , ,Unknown,Yes,Stopped,No,Yes,Yes,0.0,Cloudy
Jaguar,I-Pace,2021.0,13088.0,Yes,MAR-2022,14:57,Phoenix,AZ ,Intersection,Dry,No Unusual Conditions,25.0,Daylight, , ,Cloudy, , , ,Unknown,Yes,Stopped,No,Yes,Yes,0.0,Cloudy
Ford,Escape,2020.0,2562.0,Yes,MAR-2022,12:39,Coral Gables,FL ,Traffic Circle,Dry,No Unusual Conditions,30.0,Daylight,Clear, , , , , ,Moderate,Yes,Stopped,No,No,Yes,0.0,Clear
Ford,Escape,2020.0,2562.0,Yes,MAR-2022,12:39,Coral Gables,FL ,Traffic Circle,Dry,No Unusual Conditions,30.0,Daylight,Clear, , , , , ,Moderate,Yes,Stopped,No,No,Yes,0.0,Clear
Jaguar,I-Pace,2021.0,30534.0,Yes,MAR-2022,21:39,Phoenix,AZ ,Intersection,Dry,No Unusual Conditions,35.0,Dark - Lighted,Clear, , , , , ,No Injuries Reported,Yes,Stopped,No,Yes,Yes,0.0,Clear
Ford,Fusion,2019.0,13277.0,Yes,FEB-2022,8:51,Washington DC,DC ,Street,Dry,No Unusual Conditions,25.0,Daylight, , ,Cloudy, , , ,No Injuries Reported,Yes,Stopped,No,No,Yes,0.0,Cloudy
Ford,Fusion,2019.0,13277.0,Yes,FEB-2022,8:51,Washington DC,DC ,Street,Dry,No Unusual Conditions,25.0,Daylight, , ,Cloudy, , , ,No Injuries Reported,Yes,Stopped,No,No,Yes,0.0,Cloudy
Ford,Escape,2020.0,2562.0,Yes,MAR-2022,12:39,Coral Gables,FL ,Traffic Circle,Dry,No Unusual Conditions,30.0,Daylight,Clear, , , , , ,Moderate,Yes,Stopped,No,No,Yes,0.0,Clear
Ford,Escape,2020.0,2562.0,Yes,MAR-2022,12:39,Coral Gables,FL ,Traffic Circle,Dry,No Unusual Conditions,30.0,Daylight,Clear, , , , , ,Moderate,Yes,Stopped,No,No,Yes,0.0,Clear
Jaguar,I-Pace,2021.0,30534.0,Yes,MAR-2022,21:39,Phoenix,AZ ,Intersection,Dry,No Unusual Conditions,35.0,Dark - Lighted,Clear, , , , , ,No Injuries Reported,Yes,Stopped,No,Yes,Yes,0.0,Clear
Peterbilt,579 Epiq,2022.0,42556.0,Yes,FEB-2022,10:30,Sacaton,AZ ,Highway / Freeway,Dry,No Unusual Conditions,75.0,Daylight,Clear, , , , , ,No Injuries Reported,Yes,Proceeding Straight,No,Yes,Yes,50.0,Clear
Peterbilt,579 Epiq,2022.0,42556.0,Yes,FEB-2022,10:30,Sacaton,AZ ,Highway / Freeway,Dry,No Unusual Conditions,75.0,Daylight,Clear, , , , , ,No Injuries Reported,Yes,Proceeding Straight,No,Yes,Yes,50.0,Clear
Peterbilt,579 Epiq,2022.0,42556.0,Yes,FEB-2022,10:30,Sacaton,AZ ,Highway / Freeway,Dry,No Unusual Conditions,75.0,Daylight,Clear, , , , , ,No Injuries Reported,Yes,Proceeding Straight,No,Yes,Yes,50.0,Clear
Ford,Escape,2020.0,1278.0,Yes,JAN-2022,12:22,Miami,FL ,Street,Dry,No Unusual Conditions,30.0,Daylight,Clear, , , , , ,Minor,Yes,Making Right Turn,No,Yes,Yes,0.0,Clear
Ford,Escape,2020.0,1278.0,Yes,JAN-2022,12:22,Miami,FL ,Street,Dry,No Unusual Conditions,30.0,Daylight,Clear, , , , , ,Minor,Yes,Making Right Turn,No,Yes,Yes,0.0,Clear
Ford,Escape,2020.0,1278.0,Yes,JAN-2022,12:22,Miami,FL ,Street,Dry,No Unusual Conditions,30.0,Daylight,Clear, , , , , ,Minor,Yes,Making Right Turn,No,Yes,Yes,0.0,Clear
Ford,Escape,2020.0,1278.0,Yes,JAN-2022,12:22,Miami,FL ,Street,Dry,No Unusual Conditions,30.0,Daylight,Clear, , , , , ,Minor,Yes,Making Right Turn,No,Yes,Yes,0.0,Clear
Chrysler,Pacifica,2017.0,20839.0,Yes,NOV-2021,18:47,Chandler,AZ ,Intersection,Dry,No Unusual Conditions,25.0,Dark - Lighted,Clear, , , , , ,No Injuries Reported,Yes,Stopped,No,No,Yes,0.0,Clear
Chrysler,Pacifica,2017.0,20839.0,Yes,NOV-2021,18:47,Chandler,AZ ,Intersection,Dry,No Unusual Conditions,25.0,Dark - Lighted,Clear, , , , , ,No Injuries Reported,Yes,Stopped,No,No,Yes,0.0,Clear
Jaguar,I-Pace,2021.0,23878.0,Yes,NOV-2021,00:39,Phoenix,AZ ,Intersection,Dry,No Unusual Conditions,35.0,Daylight,Clear, , , , , ,Unknown,Yes,Stopped,No,Yes,Yes,0.0,Clear
Jaguar,I-Pace,2021.0,23878.0,Yes,NOV-2021,00:39,Phoenix,AZ ,Intersection,Dry,No Unusual Conditions,35.0,Dark - Lighted,Clear, , , , , ,Unknown,Yes,Stopped,No,Yes,Yes,0.0,Clear
Jaguar,I-Pace,2021.0,23878.0,Yes,NOV-2021,00:39,Phoenix,AZ ,Intersection,Dry,No Unusual Conditions,35.0,Daylight,Clear, , , , , ,Unknown,Yes,Stopped,No,Yes,Yes,0.0,Clear
Jaguar,I-Pace,2021.0,23878.0,Yes,NOV-2021,00:39,Phoenix,AZ ,Intersection,Dry,No Unusual Conditions,35.0,Dark - Lighted,Clear, , , , , ,Unknown,Yes,Stopped,No,Yes,Yes,0.0,Clear
Chrysler,Pacifica,2017.0,20619.0,Yes,OCT-2021,13:48,Mesa,AZ ,Street,Dry,No Unusual Conditions,25.0,Daylight,Clear, , , , , ,No Injuries Reported,Yes,Parked,No,No,No Passengers in Vehicle,0.0,Clear
EZ10,GEN2,2018.0,2841.0,Yes,OCT-2021,08:23,Golden,CO ,Street,Dry,No Unusual Conditions,25.0,Daylight,Clear, , , , , ,No Injuries Reported,No,Stopped,Not Applicable,Yes,"No, see Narrative",0.0,Clear
EZ10,GEN2,2018.0,1894.0,Yes,OCT-2021,15:15,Golden,CO ,Street,Dry,No Unusual Conditions,9.0,Daylight,Clear, , , , , ,No Injuries Reported,No,Stopped,No,No,No Passengers in Vehicle,7.0,Clear
EZ10,GEN2,2018.0,1894.0,Yes,OCT-2021,15:15,Golden,CO ,Street,Dry,No Unusual Conditions,9.0,Daylight,Clear, , , , , ,No Injuries Reported,No,Stopped,No,No,No Passengers in Vehicle,7.0,Clear
EZ10,GEN2,2018.0,2841.0,Yes,OCT-2021,08:23,Golden,CO ,Street,Dry,No Unusual Conditions,0.0,Daylight,Clear, , , , , ,No Injuries Reported,No,Stopped,Not Applicable,Yes,"No, see Narrative",0.0,Clear
Chrysler,Pacifica,2017.0,18698.0,Yes,OCT-2021,14:44,Chandler,AZ ,Intersection,Dry,No Unusual Conditions,45.0,Daylight,Clear, , , , , ,No Injuries Reported,Yes,Proceeding Straight,No,Yes,No Passengers in Vehicle,21.0,Clear
EZ10,GEN2,2018.0,1894.0,Yes,OCT-2021,15:15,Golden,CO ,Street,Dry,No Unusual Conditions,9.0,Daylight,Clear, , , , , ,No Injuries Reported,No,Stopped,No,No,No Passengers in Vehicle,7.0,Clear
Chrysler,Pacifica,2017.0,18698.0,Yes,OCT-2021,14:44,Chandler,AZ ,Intersection,Dry,No Unusual Conditions,45.0,Daylight,Clear, , , , , ,No Injuries Reported,Yes,Proceeding Straight,No,Yes,No Passengers in Vehicle,21.0,Clear
Chrysler,Pacifica,2017.0,1702.0,Yes,SEP-2021,01:58,Tempe,AZ ,Parking Lot,Dry,No Unusual Conditions,15.0,Dark - Lighted,Clear, , , , , ,No Injuries Reported,Yes,Stopped,No,No,Yes,0.0,Clear
Chrysler,Pacifica,2017.0,120658.0,Yes,SEP-2021,13:54,Tempe,AZ ,Street,Dry,No Unusual Conditions,45.0,Daylight,Clear, , , , , ,No Injuries Reported,Yes,Stopped,No,Yes,Yes,0.0,Clear
Chrysler,Pacifica,2017.0,17012.0,Yes,SEP-2021,01:58,Tempe,AZ ,Parking Lot,Dry,No Unusual Conditions,15.0,Dark - Lighted,Clear, , , , , ,No Injuries Reported,Yes,Stopped,No,No,No Passengers in Vehicle,0.0,Clear
EZ10,GEN2,2018.0,2841.0,Yes,OCT-2021,08:23,Golden,CO ,Street,Dry,No Unusual Conditions,25.0,Daylight,Clear, , , , , ,No Injuries Reported,No,Stopped,Not Applicable,Yes,"No, see Narrative",0.0,Clear
Local Motors,Olli 1.0,2019.0,0.0,Yes,AUG-2021,17:00,Mammoth,WY ,Parking Lot,Dry,No Unusual Conditions,15.0,Daylight,Clear, , , , , ,No Injuries Reported,Yes,Proceeding Straight,No,No,No Passengers in Vehicle,7.0,Clear
Ford,Fusion,2019.0,9783.0,Yes,AUG-2021,08:10,Miami,FL ,Street,Dry,No Unusual Conditions,30.0,Daylight,Clear, , , , , ,No Injuries Reported,Yes,Stopped,No,No,Yes,0.0,Clear
Local Motors,Olli,2019.0,1821.0,Yes,AUG-2021,20:00,Yellowstone National Park,WY ,Parking Lot,Dry,No Unusual Conditions,15.0,Daylight,Clear, , , , , ,No Injuries Reported,Yes,Proceeding Straight,No,No,No Passengers in Vehicle,8.0,Clear
Lexus,RX450H,2020.0,4586.0,Yes,AUG-2021,11:16,Indianapolis,IN ,Street,Dry,No Unusual Conditions,25.0,Daylight,Clear, , , , , ,No Injuries Reported,Yes,Making Right Turn,No,No,Yes,6.0,Clear
Chrysler,Pacifica,2017.0,120658.0,Yes,SEP-2021,13:54,Tempe,AZ ,Street,Dry,No Unusual Conditions,45.0,Daylight,Clear, , , , , ,No Injuries Reported,Yes,Stopped,No,Yes,Yes,0.0,Clear
Chrysler,Pacifica,2017.0,120958.0,Yes,SEP-2021,13:54,Tempe,AZ ,Street,Dry,No Unusual Conditions,45.0,Daylight,Clear, , , , , ,No Injuries Reported,Yes,Stopped,No,Yes,Yes,0.0,Clear
Ford,Fusion,2019.0,10389.0,Yes,SEP-2021,13:18,Miami Beach,FL ,Street,Dry,"Other, see Narrative",30.0,Daylight,Clear, , , , , ,No Injuries Reported,Yes,Proceeding Straight,No,Yes,Yes,8.0,Clear
Ford,Fusion,2019.0,10389.0,Yes,SEP-2021,13:18,Miami Beach,FL ,Street,Dry,"Other, see Narrative",30.0,Daylight,Clear, , , , , ,No Injuries Reported,Yes,Proceeding Straight,No,Yes,Yes,8.0,Clear
Lexus,RX450H,2020.0,9211.0,Yes,AUG-2021,11:30,Ann Arbor,MI ,Street,Dry,No Unusual Conditions,25.0,Daylight,Clear, , , , , ,No Injuries Reported,Yes,Proceeding Straight,No,No,Yes,22.0,Clear
Lexus,RX450H,2020.0,4586.0,Yes,AUG-2021,11:16,Indianapolis,IN ,Street,Dry,No Unusual Conditions,25.0,Daylight,Clear, , , , , ,No Injuries Reported,Yes,Making Right Turn,No,No,Yes,6.0,Clear
Chrysler,Pacifica,2017.0,120658.0,Yes,SEP-2021,13:54,Tempe,AZ ,Street,Dry,No Unusual Conditions,45.0,Daylight,Clear, , , , , ,No Injuries Reported,Yes,Stopped,No,Yes,Yes,0.0,Clear
Chrysler,Pacifica,2017.0,120958.0,Yes,SEP-2021,13:54,Tempe,AZ ,Street,Dry,No Unusual Conditions,45.0,Daylight,Clear, , , , , ,No Injuries Reported,Yes,Stopped,No,Yes,Yes,0.0,Clear
Ford,Fusion,2019.0,10389.0,Yes,SEP-2021,13:18,Miami Beach,FL ,Street,Dry,"Other, see Narrative",30.0,Daylight,Clear, , , , , ,No Injuries Reported,Yes,Proceeding Straight,No,Yes,Yes,8.0,Clear
Ford,Fusion,2019.0,10389.0,Yes,SEP-2021,13:18,Miami Beach,FL ,Street,Dry,"Other, see Narrative",30.0,Daylight,Clear, , , , , ,No Injuries Reported,Yes,Proceeding Straight,No,Yes,Yes,8.0,Clear
Ford,Fusion,2019.0,10389.0,Yes,SEP-2021,13:18,Miami Beach,FL ,Street,Dry,"Other, see Narrative",30.0,Daylight,Clear, , , , , ,No Injuries Reported,Yes,Proceeding Straight,No,Yes,Yes,8.0,Clear
Lexus,RX450H,2020.0,3854.0,Yes,JUL-2021,16:15,Indianapolis,IN ,Street,Dry,No Unusual Conditions,25.0,Daylight,Clear, , , , , ,No Injuries Reported,Yes,Proceeding Straight,No,No,Yes,18.0,Clear
Toyota,Highlander,2016.0,47018.0,Yes,AUG-2021,22:18,Las Vegas,NV ,Street,Dry,No Unusual Conditions,25.0,Dark - Lighted,Clear, , , , , ,No Injuries Reported,No,Making Right Turn,No,No,Yes,5.0,Clear
Toyota,Highlander,2016.0,58804.0,Yes,JUL-2021,23:34,Las Vegas,NV ,Street,Dry,No Unusual Conditions,25.0,Dark - Lighted,Clear, , , , , ,No Injuries Reported,Unknown,Proceeding Straight,No,No,Yes,0.0,Clear
Toyota,Highlander,2016.0,77332.0,Yes,JUL-2021,08:44,Las Vegas,NV ,Street,Dry,No Unusual Conditions,35.0,Daylight,Clear, , , , , ,No Injuries Reported,No,Making Right Turn,No,No,Yes,3.0,Clear
Ford,Fusion,2019.0,11497.0,Yes,JUL-2021,09:50,Miami,FL ,Street,Dry,No Unusual Conditions,30.0,Daylight,Clear, , , , , ,No Injuries Reported,Yes,Proceeding Straight,No,No,Yes,2.0,Clear
Ford,Fusion,2019.0,16752.0,Yes,JUL-2021,16:33,Austin,TX ,Intersection,Dry,No Unusual Conditions,30.0,Daylight,Clear, , , , , ,No Injuries Reported,Yes,Stopped,No,No,Yes,0.0,Clear
Lexus,RX450H,2020.0,3854.0,Yes,JUL-2021,16:15,Indianapolis,IN ,Street,Dry,No Unusual Conditions,25.0,Daylight,Clear, , , , , ,No Injuries Reported,Yes,Proceeding Straight,No,No,Yes,18.0,Clear
Ford,Fusion,2019.0,10722.0,Yes,JUL-2021,09:26,Washington DC,DC ,Street,Dry,No Unusual Conditions,25.0,Daylight,Clear, , , , , ,Minor,Yes,Stopped,No,Yes,Yes,0.0,Clear
Ford,Fusion,2019.0,10722.0,Yes,JUL-2021,09:26,Washington DC,DC ,Street,Dry,No Unusual Conditions,25.0,Daylight,Clear, , , , , ,Minor,Yes,Stopped,No,Yes,Yes,0.0,Clear
Ford,Fusion,2019.0,10722.0,Yes,JUL-2021,09:26,Washington DC,DC ,Street,Dry,No Unusual Conditions,25.0,Daylight,Clear, , , , , ,Minor,Yes,Stopped,No,Yes,Yes,0.0,Clear