Make,Model,Model Year,Mileage,ADS Equipped?,Incident Date,Incident Time (24:00),City,State,Roadway Type,Roadway Surface,Roadway Description,Posted Speed Limit (MPH),Lighting,Weather - Clear,Weather - Snow,Weather - Cloudy,Weather - Fog/Smoke,Weather - Rain,Weather - Severe Wind,Highest Injury Severity Alleged,Property Damage?,SV Pre-Crash Movement,SV Any Air Bags Deployed?,SV Was Vehicle Towed?,SV Were All Passengers Belted?,SV Precrash Speed (MPH),Weather
Jaguar,I-Pace,2021.0,42200.0,Yes,SEP-2023,22:48,San Francisco,CA ,Street,Wet,No Unusual Conditions,20.0,Dark - Lighted,Clear, , , , , ,No Injuries Reported,Yes,Stopped,No,No,No Passengers in Vehicle,0.0,Clear
Nissan,Leaf,2023.0,14370.0,Yes,SEP-2023,13:54,San Francisco,CA ,Street,Dry,No Unusual Conditions,30.0,Daylight,Clear, , , , , ,No Injuries Reported,No,Stopped,No,No,No Passengers in Vehicle,0.0,Clear
Cruise,AV,2023.0,8917.0,Yes,AUG-2023,09:05,San Francisco,CA ,Street,Dry,No Unusual Conditions,25.0,Daylight,Clear, , , , , ,Minor,Yes,Proceeding Straight,No,No,No Passengers in Vehicle,5.0,Clear
Cruise,AV,2023.0,8917.0,Yes,AUG-2023,09:05,San Francisco,CA ,Street,Dry,No Unusual Conditions,25.0,Daylight,Clear, , , , , ,Minor,Yes,Proceeding Straight,No,No,No Passengers in Vehicle,5.0,Clear
Cruise,AV,2023.0,9942.0,Yes,SEP-2023,08:42,San Francisco,CA ,Intersection,Dry,No Unusual Conditions,25.0,Daylight,Clear, , , , , ,No Injuries Reported,Yes,Proceeding Straight,No,No,No Passengers in Vehicle,3.0,Clear
Cruise,8AV,2020.0,78839.0,Yes,SEP-2023,09:37,San Francisco,CA ,Street,Dry,No Unusual Conditions,25.0,Daylight,Clear, , , , , ,No Injuries Reported,Yes,Proceeding Straight,No,No,Yes,10.0,Clear
Toyota,Highlander,2017.0,86020.0,Yes,SEP-2023,15:20,San Francisco,CA ,Street,Dry,No Unusual Conditions,25.0,Daylight,Clear, , , , , ,No Injuries Reported,No,Stopped,No,No,Yes,0.0,Clear
Lincoln,MKZ,2019.0,48834.0,Yes,SEP-2023,17:02,Milpitas,CA ,Highway / Freeway,Dry,"Other, see Narrative",65.0,Daylight,Clear, , , , , ,No Injuries Reported,No,Proceeding Straight,No,No,Yes,58.0,Clear
Cruise,AV,2023.0,5690.0,Yes,SEP-2023,23:56,San Francisco,CA ,Intersection,Dry,No Unusual Conditions,25.0,Dark - Lighted,Clear, , , , , ,No Injuries Reported,Yes,Making Left Turn,No,No,No Passengers in Vehicle,10.0,Clear
Cruise,AV,2022.0,4110.0,Yes,SEP-2023,17:32,San Francisco,CA ,Street,Dry,No Unusual Conditions,25.0,Daylight,Clear, , , , , ,No Injuries Reported,Yes,Stopped,No,No,No Passengers in Vehicle,0.0,Clear
Cruise,AV,2023.0,6661.0,Yes,SEP-2023,22:16,San Francisco,CA ,Street,Dry,No Unusual Conditions,30.0,Dark - Lighted,Clear, , , , , ,No Injuries Reported,Yes,Stopped,No,No,No Passengers in Vehicle,0.0,Clear
Cruise,AV,2023.0,9942.0,Yes,SEP-2023,08:42,San Francisco,CA ,Intersection,Dry,No Unusual Conditions,25.0,Daylight,Clear, , , , , ,No Injuries Reported,Yes,Proceeding Straight,No,No,No Passengers in Vehicle,3.0,Clear
Cruise,AV,2020.0,78839.0,Yes,SEP-2023,09:37,San Francisco,CA ,Street,Dry,No Unusual Conditions,25.0,Daylight,Clear, , , , , ,No Injuries Reported,Yes,Proceeding Straight,No,No,Yes,10.0,Clear
Cruise,AV,2023.0,5690.0,Yes,SEP-2023,23:56,San Francisco,CA ,Intersection,Dry,No Unusual Conditions,25.0,Dark - Lighted,Clear, , , , , ,No Injuries Reported,Yes,Making Left Turn,No,No,No Passengers in Vehicle,10.0,Clear
Cruise,AV,2022.0,4110.0,Yes,SEP-2023,17:32,San Francisco,CA ,Street,Dry,No Unusual Conditions,25.0,Daylight,Clear, , , , , ,No Injuries Reported,Yes,Stopped,No,No,No Passengers in Vehicle,0.0,Clear
Cruise,AV,2023.0,6661.0,Yes,SEP-2023,22:16,San Francisco,CA ,Street,Dry,No Unusual Conditions,30.0,Dark - Lighted,Clear, , , , , ,No Injuries Reported,Yes,Stopped,No,No,No Passengers in Vehicle,0.0,Clear
Cruise,AV,2023.0,5091.0,Yes,OCT-2023,21:29,San Francisco,CA ,Intersection,Dry,No Unusual Conditions,25.0,Dark - Lighted,Clear, , , , , ,Serious,No,Proceeding Straight,No,No,No Passengers in Vehicle,17.0,Clear
Jaguar,I-Pace,2021.0,48564.0,Yes,OCT-2023,17:47,San Francisco,CA ,Street,Dry,No Unusual Conditions,25.0,Dawn / Dusk,Clear, , , , , ,No Injuries Reported,Yes,Stopped,No,No,No Passengers in Vehicle,0.0,Clear
Cruise,AV,2023.0,5091.0,Yes,OCT-2023,21:29,San Francisco,CA ,Intersection,Dry,No Unusual Conditions,25.0,Dark - Lighted,Clear, , , , , ,Serious,No,Proceeding Straight,No,No,No Passengers in Vehicle,17.0,Clear
Jaguar,I-Pace,2021.0,56983.0,Yes,SEP-2023,19:12,San Francisco,CA ,Intersection,Dry,No Unusual Conditions,25.0,Dark - Lighted, , ,Cloudy, , , ,No Injuries Reported,Yes,Proceeding Straight,No,Yes,Yes,8.0,Cloudy
Cruise,AV,2023.0,5091.0,Yes,OCT-2023,21:29,San Francisco,CA ,Intersection,Dry,No Unusual Conditions,25.0,Dark - Lighted,Clear, , , , , ,Serious,No,Proceeding Straight,No,No,No Passengers in Vehicle,17.0,Clear
Cruise,AV,2023.0,5091.0,Yes,OCT-2023,21:29,San Francisco,CA ,Intersection,Dry,No Unusual Conditions,25.0,Dark - Lighted,Clear, , , , , ,Serious,No,Proceeding Straight,No,No,No Passengers in Vehicle,17.0,Clear
Jaguar,I-Pace,2021.0,48564.0,Yes,OCT-2023,17:47,San Francisco,CA ,Street,Dry,No Unusual Conditions,25.0,Dawn / Dusk,Clear, , , , , ,No Injuries Reported,Yes,Stopped,No,No,No Passengers in Vehicle,25.0,Clear
Lexus,RX 450h,2017.0,24459.0,Yes,SEP-2023,11:33,Emeryville,CA ,Highway / Freeway,Dry,No Unusual Conditions,55.0,Daylight,Clear, , , , , ,No Injuries Reported,Yes,Stopped,No,Yes,Yes,0.0,Clear
Jaguar,I-Pace,2021.0,22784.0,Yes,SEP-2023,20:34,San Francisco,CA ,Street,Dry,No Unusual Conditions,25.0,Dark - Lighted, , ,Cloudy, , , ,No Injuries Reported,Yes,Parked,No,Yes,Yes,0.0,Cloudy
Jaguar,I-Pace,2021.0,51448.0,Yes,SEP-2023,18:26,San Francisco,CA ,Intersection,Dry,No Unusual Conditions,25.0,Dawn / Dusk,Clear, , , , , ,No Injuries Reported,Yes,Parked,No,Yes,No Passengers in Vehicle,0.0,Clear
Jaguar,I-Pace,2021.0,22784.0,Yes,SEP-2023,20:34,San Francisco,CA ,Street,Dry,No Unusual Conditions,25.0,Dark - Lighted, , ,Cloudy, , , ,No Injuries Reported,Yes,Parked,No,Yes,Yes,0.0,Cloudy
Jaguar,I-Pace,2021.0,14314.0,Yes,AUG-2023,16:38,Santa Monica,CA ,Traffic Circle,Dry,No Unusual Conditions,25.0,Daylight,Clear, , , , , ,No Injuries Reported,Yes,"Other, see Narrative",No,No,No Passengers in Vehicle,1.0,Clear
Jaguar,I-Pace,2021.0,54905.0,Yes,AUG-2023,21:55,San Francisco,CA ,Street,Dry,No Unusual Conditions,25.0,Daylight,Clear, , , , , ,No Injuries Reported,Yes,Stopped,No,No,No Passengers in Vehicle,0.0,Clear
Jaguar,I-Pace,2021.0,68966.0,Yes,AUG-2023,17:48,San Francisco,CA ,Street,Dry,No Unusual Conditions,25.0,Daylight,Clear, , , , , ,No Injuries Reported,Yes,Stopped,No,No,No Passengers in Vehicle,0.0,Clear
Jaguar,I-Pace,2021.0,46766.0,Yes,AUG-2023,16:45,San Francisco,CA ,Street,Dry,No Unusual Conditions,25.0,Daylight,Clear, , , , , ,No Injuries Reported,Yes,Stopped,No,No,No Passengers in Vehicle,0.0,Clear
Jaguar,I-Pace,2021.0,50153.0,Yes,AUG-2023,13:05,San Francisco,CA ,Street,Dry,No Unusual Conditions,35.0,Daylight,Clear, , , , , ,No Injuries Reported,Yes,Proceeding Straight,No,No,No Passengers in Vehicle,17.0,Clear
Jaguar,I-Pace,2021.0,70925.0,Yes,AUG-2023,21:01,San Francisco,CA ,Intersection,Dry,No Unusual Conditions,25.0,Dark - Lighted,Clear, , , , , ,No Injuries Reported,Yes,Proceeding Straight,No,No,No Passengers in Vehicle,13.0,Clear
Jaguar,I-Pace,2021.0,97990.0,Yes,AUG-2023,19:38,Los Angeles,CA ,Street,Dry,No Unusual Conditions,25.0,Dawn / Dusk,Clear, , , , , ,No Injuries Reported,Yes,Parking Maneuver,No,No,No Passengers in Vehicle,7.0,Clear
Jaguar,I-Pace,2021.0,47248.0,Yes,AUG-2023,22:10,San Francisco,CA ,Street,Dry,No Unusual Conditions,25.0,Dark - Lighted,Clear, , , , , ,Minor,Yes,Stopped,No,No,Yes,0.0,Clear
Cruise,AV,2023.0,1588.0,Yes,AUG-2023,04:53,San Francisco,CA ,Intersection,Dry,No Unusual Conditions,25.0,Dark - Lighted, , ,Cloudy, , , ,No Injuries Reported,Yes,Proceeding Straight,No,No,Yes,7.0,Cloudy
Cruise,AV,2023.0,7593.0,Yes,AUG-2023,08:37,San Francisco,CA ,Street,Dry,No Unusual Conditions,25.0,Daylight, , ,Cloudy, , , ,No Injuries Reported,Yes,Stopped,No,No,No Passengers in Vehicle,0.0,Cloudy
Cruise,AV,2022.0,17832.0,Yes,AUG-2023,16:31,San Francisco,CA ,Street,Dry,No Unusual Conditions,25.0,Daylight,Clear, , , , , ,No Injuries Reported,Yes,Proceeding Straight,No,No,No Passengers in Vehicle,1.0,Clear
Cruise,AV,2023.0,7379.0,Yes,AUG-2023,22:55,San Francisco,CA ,Intersection,Dry,No Unusual Conditions,25.0,Dark - Lighted,Clear, , , , , ,No Injuries Reported,Yes,Proceeding Straight,No,No,Yes,6.0,Clear
Cruise,AV,2023.0,12454.0,Yes,AUG-2023,16:45,San Francisco,CA ,Street,Dry,No Unusual Conditions,25.0,Daylight,Clear, , , , , ,No Injuries Reported,Yes,Stopped,No,No,No Passengers in Vehicle,0.0,Clear
Cruise,AV,2023.0,6826.0,Yes,AUG-2023,11:59,San Francisco,CA ,Intersection,Dry,No Unusual Conditions,25.0,Daylight,Clear, , , , , ,No Injuries Reported,Yes,Proceeding Straight,No,No,No Passengers in Vehicle,1.0,Clear
Cruise,AV,2023.0,10356.0,Yes,AUG-2023,10:37,San Francisco,CA ,Intersection,Dry,No Unusual Conditions,25.0,Daylight,Clear, , , , , ,No Injuries Reported,Yes,Stopped,No,No,No Passengers in Vehicle,0.0,Clear
Cruise,AV,2023.0,5564.0,Yes,AUG-2023,23:34,San Francisco,CA ,Intersection,Dry,No Unusual Conditions,25.0,Dark - Lighted,Clear, , , , , ,No Injuries Reported,Yes,Stopped,No,No,No Passengers in Vehicle,0.0,Clear
Cruise,AV,2023.0,642.0,Yes,AUG-2023,22:32,San Francisco,CA ,Street,Dry,No Unusual Conditions,25.0,Dark - Lighted, , ,Cloudy, , , ,No Injuries Reported,Yes,Stopped,No,No,No Passengers in Vehicle,0.0,Cloudy
Cruise,AV,2023.0,8917.0,Yes,AUG-2023,09:05,San Francisco,CA ,Street,Dry,No Unusual Conditions,25.0,Daylight,Clear, , , , , ,Minor,Yes,Proceeding Straight,No,No,No Passengers in Vehicle,5.0,Clear
Cruise,AV,2023.0,5904.0,Yes,AUG-2023,13:47,San Francisco,CA ,Intersection,Dry,No Unusual Conditions,25.0,Daylight,Clear, , , , , ,No Injuries Reported,Yes,Proceeding Straight,No,No,No Passengers in Vehicle,5.0,Clear
Cruise,AV,2023.0,1975.0,Yes,AUG-2023,16:06,San Francisco,CA ,Intersection,Dry,No Unusual Conditions,25.0,Daylight,Clear, , , , , ,Minor,Yes,Making Right Turn,No,No,Yes,1.0,Clear
Cruise,AV,2023.0,8236.0,Yes,AUG-2023,14:53,San Francisco,CA ,Intersection,Dry,No Unusual Conditions,25.0,Daylight,Clear, , , , , ,No Injuries Reported,Yes,Stopped,No,No,No Passengers in Vehicle,0.0,Clear
Cruise,AV,2023.0,6133.0,Yes,AUG-2023,20:33,San Francisco,CA ,Intersection,Dry,No Unusual Conditions,25.0,Dark - Lighted,Clear, , , , , ,No Injuries Reported,Yes,Proceeding Straight,No,No,No Passengers in Vehicle,8.0,Clear
Cruise,AV,2023.0,1975.0,Yes,AUG-2023,16:06,San Francisco,CA ,Intersection,Dry,No Unusual Conditions,25.0,Daylight,Clear, , , , , ,Minor,Yes,Making Right Turn,No,No,Yes,1.0,Clear
Cruise,AV,2023.0,8236.0,Yes,AUG-2023,14:53,San Francisco,CA ,Intersection,Dry,No Unusual Conditions,25.0,Daylight,Clear, , , , , ,No Injuries Reported,Yes,Stopped,No,No,No Passengers in Vehicle,0.0,Clear
Cruise,AV,2023.0,3240.0,Yes,AUG-2023,00:56,San Francisco,CA ,Intersection,Dry,No Unusual Conditions,25.0,Dark - Lighted, , ,Cloudy, , , ,No Injuries Reported,Yes,Proceeding Straight,Yes,Yes,No Passengers in Vehicle,13.0,Cloudy
Cruise,AV,2023.0,391.0,Yes,AUG-2023,00:19,San Francisco,CA ,Intersection,Dry,No Unusual Conditions,25.0,Dark - Lighted,Clear, , , , , ,Moderate,Yes,Stopped,Yes,Yes,No Passengers in Vehicle,0.0,Clear
Cruise,AV,2023.0,2798.0,Yes,AUG-2023,22:22,San Francisco,CA ,Intersection,Dry,No Unusual Conditions,20.0,Dark - Lighted,Clear, , , , , ,Serious,Yes,Proceeding Straight,Yes,Yes,Yes,13.0,Clear
Cruise,AV,2022.0,10541.0,Yes,AUG-2023,01:42,San Francisco,CA ,Intersection,Dry,No Unusual Conditions,25.0,Dark - Lighted,Clear, , , , , ,Moderate,No,Proceeding Straight,No,No,No Passengers in Vehicle,1.0,Clear
Cruise,AV,2023.0,1588.0,Yes,AUG-2023,04:53,San Francisco,CA ,Intersection,Dry,No Unusual Conditions,25.0,Dark - Lighted, , ,Cloudy, , , ,No Injuries Reported,Yes,Proceeding Straight,No,No,Yes,7.0,Cloudy
Cruise,AV,2022.0,17832.0,Yes,AUG-2023,16:31,San Francisco,CA ,Street,Dry,No Unusual Conditions,25.0,Daylight,Clear, , , , , ,No Injuries Reported,Yes,Proceeding Straight,No,No,No Passengers in Vehicle,1.0,Clear
Cruise,AV,2023.0,7379.0,Yes,AUG-2023,22:55,San Francisco,CA ,Intersection,Dry,No Unusual Conditions,25.0,Dark - Lighted,Clear, , , , , ,No Injuries Reported,Yes,Proceeding Straight,No,No,Yes,6.0,Clear
Cruise,AV,2023.0,6826.0,Yes,AUG-2023,11:59,San Francisco,CA ,Intersection,Dry,No Unusual Conditions,25.0,Daylight,Clear, , , , , ,No Injuries Reported,Yes,Proceeding Straight,No,No,No Passengers in Vehicle,1.0,Clear
Cruise,AV,2023.0,12454.0,Yes,AUG-2023,16:45,San Francisco,CA ,Street,Dry,No Unusual Conditions,25.0,Daylight,Clear, , , , , ,No Injuries Reported,Yes,Stopped,No,No,No Passengers in Vehicle,0.0,Clear
Cruise,AV,2023.0,7593.0,Yes,AUG-2023,08:37,San Francisco,CA ,Street,Dry,No Unusual Conditions,25.0,Daylight, , ,Cloudy, , , ,No Injuries Reported,Yes,Stopped,No,No,No Passengers in Vehicle,0.0,Cloudy
Cruise,AV,2023.0,10356.0,Yes,AUG-2023,10:37,San Francisco,CA ,Intersection,Dry,No Unusual Conditions,25.0,Daylight,Clear, , , , , ,No Injuries Reported,Yes,Stopped,No,No,No Passengers in Vehicle,0.0,Clear
Cruise,AV,2023.0,642.0,Yes,AUG-2023,22:32,San Francisco,CA ,Street,Dry,No Unusual Conditions,25.0,Dark - Lighted, , ,Cloudy, , , ,No Injuries Reported,Yes,Stopped,No,No,No Passengers in Vehicle,0.0,Cloudy
Cruise,AV,2023.0,5564.0,Yes,AUG-2023,23:34,San Francisco,CA ,Intersection,Dry,No Unusual Conditions,25.0,Dark - Lighted,Clear, , , , , ,No Injuries Reported,Yes,Stopped,No,No,No Passengers in Vehicle,0.0,Clear
Cruise,AV,2023.0,8236.0,Yes,AUG-2023,14:53,San Francisco,CA ,Intersection,Dry,No Unusual Conditions,25.0,Daylight,Clear, , , , , ,No Injuries Reported,Yes,Stopped,No,No,No Passengers in Vehicle,0.0,Clear
Cruise,AV,2023.0,1975.0,Yes,AUG-2023,16:06,San Francisco,CA ,Intersection,Dry,No Unusual Conditions,25.0,Daylight,Clear, , , , , ,Minor,Yes,Making Right Turn,No,No,Yes,1.0,Clear
Cruise,AV,2023.0,5904.0,Yes,AUG-2023,13:47,San Francisco,CA ,Intersection,Dry,No Unusual Conditions,25.0,Daylight,Clear, , , , , ,No Injuries Reported,Yes,Proceeding Straight,No,No,No Passengers in Vehicle,5.0,Clear
Cruise,AV,2023.0,6133.0,Yes,AUG-2023,20:33,San Francisco,CA ,Intersection,Dry,No Unusual Conditions,25.0,Dark - Lighted,Clear, , , , , ,No Injuries Reported,Yes,Proceeding Straight,No,No,No Passengers in Vehicle,8.0,Clear
Cruise,AV,2023.0,8917.0,Yes,AUG-2023,09:05,San Francisco,CA ,Street,Dry,No Unusual Conditions,25.0,Daylight,Clear, , , , , ,Minor,Yes,Proceeding Straight,No,No,No Passengers in Vehicle,5.0,Clear
Cruise,AV,2023.0,3240.0,Yes,AUG-2023,00:56,San Francisco,CA ,Intersection,Dry,No Unusual Conditions,25.0,Dark - Lighted, , ,Cloudy, , , ,No Injuries Reported,Yes,Proceeding Straight,Yes,Yes,No Passengers in Vehicle,13.0,Cloudy
Cruise,AV,2023.0,391.0,Yes,AUG-2023,00:19,San Francisco,CA ,Intersection,Dry,No Unusual Conditions,25.0,Dark - Lighted,Clear, , , , , ,Moderate,Yes,Stopped,Yes,Yes,No Passengers in Vehicle,0.0,Clear
Cruise,AV,2023.0,2798.0,Yes,AUG-2023,22:22,San Francisco,CA ,Intersection,Dry,No Unusual Conditions,20.0,Dark - Lighted,Clear, , , , , ,Serious,Yes,Proceeding Straight,Yes,Yes,Yes,13.0,Clear
Cruise,AV,2022.0,10541.0,Yes,AUG-2023,01:42,San Francisco,CA ,Intersection,Dry,No Unusual Conditions,25.0,Dark - Lighted,Clear, , , , , ,Moderate,No,Proceeding Straight,No,No,No Passengers in Vehicle,1.0,Clear
Cruise,AV,2023.0,8990.0,Yes,AUG-2023,01:39,San Francisco,CA ,Intersection,Dry,No Unusual Conditions,25.0,Dark - Lighted,Clear, , , , , ,No Injuries Reported,Yes,Stopped,No,Yes,No Passengers in Vehicle,0.0,Clear
Cruise,AV,2023.0,7369.0,Yes,AUG-2023,21:22,San Francisco,CA ,Intersection,Dry,No Unusual Conditions,25.0,Dark - Lighted,Clear, , , , , ,No Injuries Reported,Yes,Proceeding Straight,No,Yes,No Passengers in Vehicle,2.0,Clear
Cruise,AV,2023.0,8990.0,Yes,AUG-2023,01:39,San Francisco,CA ,Intersection,Dry,No Unusual Conditions,25.0,Dark - Lighted,Clear, , , , , ,No Injuries Reported,Yes,Stopped,No,Yes,No Passengers in Vehicle,0.0,Clear
Cruise,AV,2023.0,7369.0,Yes,AUG-2023,21:22,San Francisco,CA ,Intersection,Dry,No Unusual Conditions,25.0,Dark - Lighted,Clear, , , , , ,No Injuries Reported,Yes,Proceeding Straight,No,Yes,No Passengers in Vehicle,2.0,Clear
Cruise,AV,2022.0,10541.0,Yes,AUG-2023,01:42,San Francisco,CA ,Intersection,Dry,No Unusual Conditions,25.0,Dark - Lighted,Clear, , , , , ,Moderate,No,Proceeding Straight,No,No,No Passengers in Vehicle,1.0,Clear
Cruise,AV,2022.0,10541.0,Yes,AUG-2023,01:42,San Francisco,CA ,Intersection,Dry,No Unusual Conditions,25.0,Dark - Lighted,Clear, , , , , ,Moderate,No,Proceeding Straight,No,No,No Passengers in Vehicle,1.0,Clear
Cruise,AV,2023.0,106677.0,Yes,AUG-2023,08:45,San Frabcisco,CA ,Intersection,Dry,No Unusual Conditions,20.0,Daylight,Clear, , , , , ,Minor,No,Backing,No,No,Yes,1.0,Clear
Cruise,AV,2023.0,2798.0,Yes,AUG-2023,22:22,San Francisco,CA ,Intersection,Dry,No Unusual Conditions,20.0,Dark - Lighted,Clear, , , , , ,Serious,Yes,Proceeding Straight,Yes,Yes,Yes,13.0,Clear
Cruise,AV,2023.0,106677.0,Yes,AUG-2023,08:45,San Francisco,CA ,Intersection,Dry,No Unusual Conditions,20.0,Daylight,Clear, , , , , ,Minor,No,Backing,No,No,Yes,1.0,Clear
Cruise,AV,2023.0,2798.0,Yes,AUG-2023,22:22,San Francisco,CA ,Intersection,Dry,No Unusual Conditions,20.0,Dark - Lighted,Clear, , , , , ,Serious,Yes,Proceeding Straight,Yes,Yes,Yes,13.0,Clear
Cruise,AV,2023.0,3240.0,Yes,AUG-2023,00:56,San Francisco,CA ,Intersection,Dry,No Unusual Conditions,25.0,Dark - Lighted, , ,Cloudy, , , ,No Injuries Reported,Yes,Proceeding Straight,Yes,Yes,No Passengers in Vehicle,13.0,Cloudy
Cruise,AV,2023.0,391.0,Yes,AUG-2023,00:19,San Francisco,CA ,Intersection,Dry,No Unusual Conditions,25.0,Dark - Lighted,Clear, , , , , ,Moderate,Yes,Stopped,Yes,Yes,No Passengers in Vehicle,0.0,Clear
Cruise,AV,2023.0,408.0,Yes,AUG-2023,00:12,San Francisco,CA ,Intersection,Dry,No Unusual Conditions,25.0,Dark - Lighted,Clear, , , , , ,No Injuries Reported,Yes,Stopped,No,Yes,No Passengers in Vehicle,0.0,Clear
Cruise,AV,2023.0,3240.0,Yes,AUG-2023,00:56,San Francisco,CA ,Intersection,Dry,No Unusual Conditions,25.0,Dark - Lighted, , ,Cloudy, , , ,No Injuries Reported,Yes,Proceeding Straight,Yes,Yes,No Passengers in Vehicle,13.0,Cloudy
Cruise,AV,2023.0,391.0,Yes,AUG-2023,00:19,San Francisco,CA ,Intersection,Dry,No Unusual Conditions,25.0,Dark - Lighted,Clear, , , , , ,Moderate,Yes,Stopped,Yes,Yes,No Passengers in Vehicle,0.0,Clear
Cruise,AV,2023.0,408.0,Yes,AUG-2023,00:12,San Francisco,CA ,Intersection,Dry,No Unusual Conditions,25.0,Dark - Lighted,Clear, , , , , ,No Injuries Reported,Yes,Stopped,No,Yes,No Passengers in Vehicle,0.0,Clear
Toyota,Camry,2017.0,75322.0,Yes,AUG-2023,14:20,Sunol,CA ,Highway / Freeway,Dry,Traffic Incident,65.0,Daylight,Clear, , , , , ,No Injuries Reported,Yes,Stopped,No,No,Yes,55.0,Clear
Cruise,AV,2023.0,9901.0,Yes,AUG-2023,07:51,San Francisco,CA ,Street,Dry,No Unusual Conditions,25.0,Daylight, , ,Cloudy, , , ,No Injuries Reported,Yes,Proceeding Straight,No,Yes,No Passengers in Vehicle,8.0,Cloudy
Cruise,AV,2023.0,106677.0,Yes,AUG-2023,08:45,San Frabcisco,CA ,Intersection,Dry,No Unusual Conditions,20.0,Daylight,Clear, , , , , ,Minor,No,Backing,No,No,Yes,1.0,Clear
Cruise,AV,2023.0,2798.0,Yes,AUG-2023,22:22,San Francisco,CA ,Intersection,Dry,No Unusual Conditions,20.0,Dark - Lighted,Clear, , , , , ,Serious,Yes,Proceeding Straight,Yes,Yes,Yes,13.0,Clear
Cruise,AV,2023.0,106677.0,Yes,AUG-2023,08:45,San Francisco,CA ,Intersection,Dry,No Unusual Conditions,20.0,Daylight,Clear, , , , , ,Minor,No,Backing,No,No,Yes,1.0,Clear
Cruise,AV,2023.0,2798.0,Yes,AUG-2023,22:22,San Francisco,CA ,Intersection,Dry,No Unusual Conditions,20.0,Dark - Lighted,Clear, , , , , ,Serious,Yes,Proceeding Straight,Yes,Yes,Yes,13.0,Clear
Cruise,AV,2023.0,9901.0,Yes,AUG-2023,07:51,San Francisco,CA ,Street,Dry,No Unusual Conditions,25.0,Daylight, , ,Cloudy, , , ,No Injuries Reported,Yes,Proceeding Straight,No,Yes,No Passengers in Vehicle,8.0,Cloudy
Jaguar,I-Pace,2021.0,43816.0,Yes,JUL-2023,13:13,San Francisco,CA ,Street,Dry,No Unusual Conditions,25.0,Daylight, , ,Cloudy, , , ,No Injuries Reported,Yes,Proceeding Straight,No,No,Yes,4.0,Cloudy
Jaguar,I-Pace,2021.0,86515.0,Yes,JUL-2023,10:13,San Francisco,CA ,Intersection,Dry,No Unusual Conditions,25.0,Daylight,Clear, , , , , ,No Injuries Reported,Yes,Making Right Turn,No,No,Yes,1.0,Clear
Jaguar,I-Pace,2021.0,58446.0,Yes,JUL-2023,14:57,Santa Monica,CA ,Street,Dry,No Unusual Conditions,30.0,Daylight,Clear, , , , , ,No Injuries Reported,Yes,Stopped,No,No,Yes,0.0,Clear