Make,Model,Model Year,Mileage,ADS Equipped?,Incident Date,Incident Time (24:00),City,State,Roadway Type,Roadway Surface,Roadway Description,Posted Speed Limit (MPH),Lighting,Weather - Clear,Weather - Snow,Weather - Cloudy,Weather - Fog/Smoke,Weather - Rain,Weather - Severe Wind,Highest Injury Severity Alleged,Property Damage?,SV Pre-Crash Movement,SV Any Air Bags Deployed?,SV Was Vehicle Towed?,SV Were All Passengers Belted?,SV Precrash Speed (MPH),Weather
Cruise,AV,2022.0,19560.0,Yes,MAY-2023,02:44,San Francisco,CA ,Intersection,Dry,No Unusual Conditions,30.0,Dark - Lighted,Clear, , , , , ,Minor,Yes,Making Left Turn,No,Yes,Yes,7.0,Clear
Cruise,AV,2023.0,7361.0,Yes,MAY-2023,09:32,San Francisco,CA ,Intersection,Dry,No Unusual Conditions,25.0,Daylight,Clear, , , , , ,Minor,Yes,Proceeding Straight,No,No,No Passengers in Vehicle,5.0,Clear
Cruise,AV,2022.0,19560.0,Yes,MAY-2023,02:44,San Francisco,CA ,Intersection,Dry,No Unusual Conditions,30.0,Dark - Lighted,Clear, , , , , ,Minor,Yes,Making Left Turn,No,Yes,Yes,5.0,Clear
Cruise,AV,2023.0,7361.0,Yes,MAY-2023,09:32,San Francisco,CA ,Intersection,Dry,No Unusual Conditions,25.0,Daylight,Clear, , , , , ,Minor,Yes,Proceeding Straight,No,No,No Passengers in Vehicle,5.0,Clear
Cruise,AV,2022.0,19560.0,Yes,MAY-2023,02:44,San Francisco,CA ,Intersection,Dry,No Unusual Conditions,30.0,Dark - Lighted,Clear, , , , , ,Minor,Yes,Making Left Turn,No,Yes,Yes,5.0,Clear
Jaguar,I-Pace,2021.0,44861.0,Yes,MAY-2023,15:27,San Francisco,CA ,Street,Dry,No Unusual Conditions,25.0,Daylight,Clear, , , , , ,No Injuries Reported,Yes,Stopped,No,No,No Passengers in Vehicle,0.0,Clear
Cruise,AV,2023.0,7361.0,Yes,MAY-2023,09:32,San Francisco,CA ,Intersection,Dry,No Unusual Conditions,25.0,Daylight,Clear, , , , , ,No Injuries Reported,Yes,Proceeding Straight,No,No,No Passengers in Vehicle,5.0,Clear
Cruise,AV,2023.0,7361.0,Yes,MAY-2023,09:32,San Francisco,CA ,Intersection,Dry,No Unusual Conditions,25.0,Daylight,Clear, , , , , ,No Injuries Reported,Yes,Proceeding Straight,No,No,No Passengers in Vehicle,5.0,Clear
Jaguar,I-Pace,2021.0,36194.0,Yes,MAY-2023,10:32,San Francisco,CA ,Street,Dry,No Unusual Conditions,25.0,Daylight, , ,Cloudy, , , ,No Injuries Reported,Yes,Proceeding Straight,No,Yes,Yes,4.0,Cloudy
Jaguar,I-Pace,2021.0,36194.0,Yes,MAY-2023,10:32,San Francisco,CA ,Street,Dry,No Unusual Conditions,25.0,Daylight, , ,Cloudy, , , ,No Injuries Reported,Yes,Proceeding Straight,No,Yes,Yes,4.0,Cloudy
Cruise,AV,2022.0,19560.0,Yes,MAY-2023,02:44,San Francisco,CA ,Intersection,Dry,No Unusual Conditions,30.0,Dark - Lighted,Clear, , , , , ,Minor,Yes,Making Left Turn,No,Yes,Yes,5.0,Clear
Cruise,AV,2022.0,19560.0,Yes,MAY-2023,02:44,San Francisco,CA ,Intersection,Dry,No Unusual Conditions,30.0,Dark - Lighted,Clear, , , , , ,Minor,Yes,Making Left Turn,No,Yes,Yes,5.0,Clear
Toyota,Highlander,2016.0,61479.0,Yes,JUN-2022,13:15,San Francisco,CA ,Intersection,Dry,No Unusual Conditions,25.0,Daylight,Clear, , , , , ,Moderate,Unknown,Proceeding Straight,No,No,Yes,12.0,Clear
Toyota,Highlander,2016.0,91466.0,Yes,JUN-2022,10:45,San Mateo,CA ,Street,Dry,No Unusual Conditions,25.0,Daylight,Clear, , , , , ,No Injuries Reported,Yes,Parking Maneuver,No,No,Yes,6.0,Clear
Toyota,Highlander,2016.0,57706.0,Yes,FEB-2022,08:40,San Francisco,CA ,Street,Dry,No Unusual Conditions,25.0,Daylight,Clear, , , , , ,No Injuries Reported,Unknown,Stopped,No,No,Yes,0.0,Clear
Toyota,Highlander,2016.0,81606.0,Yes,MAY-2022,13:30,San Francisco,CA ,Street,Dry,No Unusual Conditions,25.0,Daylight,Clear, , , , , ,No Injuries Reported,Unknown,Stopped,No,No,Yes,25.0,Clear
Toyota,Highlander,2016.0,41402.0,Yes,JUL-2022,14:30,San Francisco,CA ,Intersection,Dry,No Unusual Conditions,25.0,Daylight,Clear, , , , , ,No Injuries Reported,Yes,Proceeding Straight,No,No,Yes,1.0,Clear
Toyota,Highlander,2019.0,66457.0,Yes,AUG-2022,17:21,Menlo Park,CA ,Street,Dry,No Unusual Conditions,30.0,Daylight,Clear, , , , , ,Minor,Yes,Making Left Turn,No,Yes,Yes,2.0,Clear
Toyota,Highlander,2016.0,89239.0,Yes,FEB-2023,14:28,San Francisco,CA ,Intersection,Dry,No Unusual Conditions,25.0,Daylight,Clear, , , , , ,No Injuries Reported,Yes,Making Right Turn,No,No,Yes,7.0,Clear
Toyota,Highlander,2016.0,76168.0,Yes,FEB-2023,13:27,San Francisco,CA ,Street,Dry,No Unusual Conditions,25.0,Daylight,Clear, , , , , ,No Injuries Reported,Yes,Stopped,No,No,Yes,0.0,Clear
Toyota,Highlander,2016.0,76298.0,Yes,FEB-2023,18:06,San Francisco,CA ,Street,Dry,No Unusual Conditions,25.0,Dark - Lighted,Clear, , , , , ,No Injuries Reported,Yes,Stopped,No,No,Yes,0.0,Clear
Toyota,Highlander,2017.0,43963.0,Yes,APR-2023,11:19,San Francisco,CA ,Intersection,Dry,Work Zone,25.0,Daylight,Clear, , , , , ,No Injuries Reported,Yes,Stopped,No,No,Yes,0.0,Clear
Cruise,AV,2023.0,5603.0,Yes,APR-2023,4:45,San Francisco,CA ,Intersection,Dry,No Unusual Conditions,25.0,Dark - Lighted,Clear, , , , , ,No Injuries Reported,Yes,Proceeding Straight,Yes,Yes,No Passengers in Vehicle,3.0,Clear
Cruise,AV,2023.0,5603.0,Yes,APR-2023,4:45,San Francisco,CA ,Intersection,Dry,No Unusual Conditions,25.0,Dark - Lighted,Clear, , , , , ,No Injuries Reported,Yes,Proceeding Straight,Yes,Yes,No Passengers in Vehicle,3.0,Clear
Jaguar,I-Pace,2021.0,45624.0,Yes,APR-2023,10:46,San Francisco,CA ,Intersection,Dry,No Unusual Conditions,25.0,Daylight,Clear, , , , , ,No Injuries Reported,Yes,Stopped,No,No,Yes,0.0,Clear
Jaguar,I-Pace,2021.0,38155.0,Yes,MAR-2023,10:43,Los Angeles,CA ,Intersection,Dry,No Unusual Conditions,35.0,Daylight, , ,Cloudy, , , ,No Injuries Reported,Yes,Stopped,No,No,Yes,0.0,Cloudy
Jaguar,I-Pace,2021.0,48335.0,Yes,MAR-2023,21:28,San Francisco,CA ,Intersection,Wet,No Unusual Conditions,25.0,Dark - Lighted, , , , ,Rain, ,No Injuries Reported,Yes,Stopped,No,No,Yes,0.0,Rain
Jaguar,I-Pace,2021.0,36912.0,Yes,MAR-2023,2:19,San Bruno,CA ,Highway / Freeway,Dry,No Unusual Conditions,65.0,Dark - Lighted,Clear, , , , , ,No Injuries Reported,Yes,Proceeding Straight,No,No,Yes,64.0,Clear
Jaguar,I-Pace,2021.0,38882.0,Yes,MAR-2023,17:10,San Francisco,CA ,Intersection,Dry,No Unusual Conditions,35.0,Daylight,Clear, , , , , ,No Injuries Reported,Yes,Changing Lanes,No,No,Yes,8.0,Clear
Jaguar,I-Pace,2021.0,38882.0,Yes,MAR-2023,17:10,San Francisco,CA ,Intersection,Dry,No Unusual Conditions,35.0,Daylight,Clear, , , , , ,No Injuries Reported,Yes,Changing Lanes,No,No,Yes,8.0,Clear
Jaguar,I-Pace,2021.0,36912.0,Yes,MAR-2023,2:19,San Bruno,CA ,Highway / Freeway,Dry,No Unusual Conditions,65.0,Dark - Lighted,Clear, , , , , ,No Injuries Reported,Yes,Proceeding Straight,No,No,Yes,64.0,Clear
Jaguar,I-Pace,2021.0,48335.0,Yes,MAR-2023,21:28,San Francisco,CA ,Intersection,Wet,No Unusual Conditions,25.0,Dark - Lighted, , , , ,Rain, ,No Injuries Reported,Yes,Stopped,No,No,Yes,0.0,Rain
Jaguar,I-Pace,2021.0,38155.0,Yes,MAR-2023,10:43,Los Angeles,CA ,Intersection,Dry,No Unusual Conditions,35.0,Daylight, , ,Cloudy, , , ,No Injuries Reported,Yes,Stopped,No,No,Yes,0.0,Cloudy
Jaguar,I-Pace,2021.0,38882.0,Yes,MAR-2023,17:10,San Francisco,CA ,Intersection,Dry,No Unusual Conditions,35.0,Daylight,Clear, , , , , ,No Injuries Reported,Yes,Changing Lanes,No,No,Yes,8.0,Clear
Jaguar,I-Pace,2021.0,36912.0,Yes,MAR-2023,2:19,San Bruno,CA ,Highway / Freeway,Dry,No Unusual Conditions,65.0,Dark - Lighted,Clear, , , , , ,No Injuries Reported,Yes,Proceeding Straight,No,No,Yes,64.0,Clear
Jaguar,I-Pace,2021.0,48335.0,Yes,MAR-2023,21:28,San Francisco,CA ,Intersection,Wet,No Unusual Conditions,25.0,Dark - Lighted, , , , ,Rain, ,No Injuries Reported,Yes,Stopped,No,No,Yes,0.0,Rain
Jaguar,I-Pace,2021.0,34727.0,Yes,MAR-2023,20:26,San Francisco,CA ,Parking Lot,Dry,No Unusual Conditions,15.0,Dark - Lighted,Clear, , , , , ,No Injuries Reported,Yes,Entering Traffic,No,No,Yes,2.0,Clear
Jaguar,I-Pace,2021.0,32763.0,Yes,APR-2023,10:48,San Francisco,CA ,Street,Dry,No Unusual Conditions,25.0,Daylight,Clear, , , , , ,No Injuries Reported,Yes,Stopped,No,Yes,No Passengers in Vehicle,0.0,Clear
Jaguar,I-Pace,2021.0,45624.0,Yes,APR-2023,10:46,San Francisco,CA ,Intersection,Dry,No Unusual Conditions,25.0,Daylight,Clear, , , , , ,No Injuries Reported,Yes,Stopped,No,No,Yes,0.0,Clear
Cruise,AV,2023.0,1200.0,Yes,MAR-2023,03:20,San Francisco,CA ,Street,Wet,No Unusual Conditions,25.0,Dark - Lighted, , , , ,Rain, ,No Injuries Reported,Yes,Proceeding Straight,No,No,No Passengers in Vehicle,12.0,Rain
Cruise,AV,2023.0,4160.0,Yes,MAR-2023,23:30,San Francisco,CA ,Street,Dry,No Unusual Conditions,30.0,Dark - Lighted,Clear, , , , , ,No Injuries Reported,Yes,Stopped,No,No,No Passengers in Vehicle,0.0,Clear
Cruise,AV,2023.0,1326.0,Yes,MAR-2023,23:51,San Francisco,CA ,Street,Dry,No Unusual Conditions,25.0,Dark - Lighted,Clear, , , , , ,No Injuries Reported,Yes,Stopped,No,No,No Passengers in Vehicle,0.0,Clear
Cruise,AV,2023.0,2660.0,Yes,MAR-2023,04:23,San Francisco,CA ,Intersection,Dry,No Unusual Conditions,25.0,Dark - Lighted,Clear, , , , , ,No Injuries Reported,Yes,Proceeding Straight,No,No,No Passengers in Vehicle,0.0,Clear
Cruise,AV,2023.0,1111.0,Yes,MAR-2023,21:49,San Francisco,CA ,Street,Wet,"Other, see Narrative",25.0,Dark - Lighted, , , , ,Rain, ,No Injuries Reported,Yes,Proceeding Straight,No,No,No Passengers in Vehicle,10.0,Rain
Cruise,AV,2023.0,4160.0,Yes,MAR-2023,23:30,San Francisco,CA ,Street,Dry,No Unusual Conditions,30.0,Dark - Lighted,Clear, , , , , ,No Injuries Reported,Yes,Stopped,No,No,No Passengers in Vehicle,0.0,Clear
Cruise,AV,2023.0,1200.0,Yes,MAR-2023,03:20,San Francisco,CA ,Street,Wet,No Unusual Conditions,25.0,Dark - Lighted, , , , ,Rain, ,No Injuries Reported,Yes,Proceeding Straight,No,No,No Passengers in Vehicle,12.0,Rain
Cruise,AV,2023.0,1111.0,Yes,MAR-2023,21:49,San Francisco,CA ,Street,Wet,"Other, see Narrative",25.0,Dark - Lighted, , , , ,Rain, ,No Injuries Reported,Yes,Proceeding Straight,No,No,No Passengers in Vehicle,10.0,Rain
Cruise,AV,2023.0,1326.0,Yes,MAR-2023,23:51,San Francisco,CA ,Street,Dry,No Unusual Conditions,25.0,Dark - Lighted,Clear, , , , , ,No Injuries Reported,Yes,Stopped,No,No,No Passengers in Vehicle,0.0,Clear
Cruise,AV,2023.0,2660.0,Yes,MAR-2023,04:23,San Francisco,CA ,Intersection,Dry,No Unusual Conditions,25.0,Dark - Lighted,Clear, , , , , ,No Injuries Reported,Yes,Proceeding Straight,No,No,No Passengers in Vehicle,0.0,Clear
Toyota,Highlander,2017.0,43963.0,Yes,APR-2023,11:19,San Francisco,CA ,Intersection,Dry,Work Zone,25.0,Daylight,Clear, , , , , ,No Injuries Reported,Yes,Stopped,No,No,Yes,0.0,Clear
Cruise,AV,2023.0,5603.0,Yes,APR-2023,4:45,San Francisco,CA ,Intersection,Dry,No Unusual Conditions,25.0,Dark - Lighted,Clear, , , , , ,No Injuries Reported,Yes,Proceeding Straight,Yes,Yes,No Passengers in Vehicle,1.0,Clear
Cruise,AV,2023.0,5603.0,Yes,APR-2023,4:45,San Francisco,CA ,Intersection,Dry,No Unusual Conditions,25.0,Dark - Lighted,Clear, , , , , ,No Injuries Reported,Yes,Proceeding Straight,Yes,Yes,No Passengers in Vehicle,1.0,Clear
Jaguar,I-Pace,2021.0,32763.0,Yes,APR-2023,10:48,San Francisco,CA ,Street,Dry,No Unusual Conditions,25.0,Daylight,Clear, , , , , ,No Injuries Reported,Yes,Stopped,No,Yes,No Passengers in Vehicle,0.0,Clear
Jaguar,I-Pace,2021.0,45624.0,Yes,APR-2023,10:46,San Francisco,CA ,Intersection,Dry,No Unusual Conditions,25.0,Daylight,Clear, , , , , ,No Injuries Reported,Yes,Stopped,No,No,Yes,0.0,Clear
Jaguar,I-Pace,2021.0,45624.0,Yes,APR-2023,10:46,San Francisco,CA ,Intersection,Dry,No Unusual Conditions,25.0,Daylight,Clear, , , , , ,No Injuries Reported,Yes,Stopped,No,No,Yes,0.0,Clear
Cruise,AV,2022.0,2733.0,Yes,MAR-2023,04:29,San Francisco,CA ,Street,Wet,"Other, see Narrative",20.0,Dark - Lighted, , , , ,Rain, ,No Injuries Reported,Yes,Proceeding Straight,No,Yes,No Passengers in Vehicle,15.0,Rain
Cruise,AV,2023.0,3604.0,Yes,MAR-2023,14:46,San Francisco,CA ,Street,Dry,No Unusual Conditions,20.0,Daylight,Clear, , , , , ,No Injuries Reported,Yes,Proceeding Straight,No,Yes,No Passengers in Vehicle,10.0,Clear
Cruise,AV,2022.0,2733.0,Yes,MAR-2023,04:29,San Francisco,CA ,Street,Wet,"Other, see Narrative",20.0,Dark - Lighted, , , , ,Rain, ,No Injuries Reported,Yes,Proceeding Straight,No,Yes,No Passengers in Vehicle,15.0,Rain
Cruise,AV,2023.0,3604.0,Yes,MAR-2023,14:46,San Francisco,CA ,Street,Dry,No Unusual Conditions,20.0,Daylight,Clear, , , , , ,No Injuries Reported,Yes,Proceeding Straight,No,Yes,No Passengers in Vehicle,10.0,Clear
Cruise,AV,2023.0,4821.0,Yes,MAR-2023,3:26,San Francisco,CA ,Intersection,Dry,No Unusual Conditions,25.0,Dark - Lighted,Clear, , , , , ,No Injuries Reported,Yes,Proceeding Straight,Yes,Yes,No Passengers in Vehicle,21.0,Clear
Cruise,AV,2023.0,4821.0,Yes,MAR-2023,3:26,San Francisco,CA ,Intersection,Dry,No Unusual Conditions,25.0,Dark - Lighted,Clear, , , , , ,Minor,Yes,Proceeding Straight,Yes,Yes,No Passengers in Vehicle,21.0,Clear
Cruise,AV,2023.0,4821.0,Yes,MAR-2023,3:26,San Francisco,CA ,Intersection,Dry,No Unusual Conditions,25.0,Dark - Lighted,Clear, , , , , ,No Injuries Reported,Yes,Proceeding Straight,Yes,Yes,No Passengers in Vehicle,21.0,Clear
Cruise,AV,2023.0,3604.0,Yes,MAR-2023,14:46,San Francisco,CA ,Street,Dry,No Unusual Conditions,20.0,Daylight,Clear, , , , , ,No Injuries Reported,Yes,Proceeding Straight,No,Yes,No Passengers in Vehicle,10.0,Clear
Cruise,AV,2023.0,3604.0,Yes,MAR-2023,14:46,San Francisco,CA ,Street,Dry,No Unusual Conditions,20.0,Daylight,Clear, , , , , ,No Injuries Reported,Yes,Proceeding Straight,No,Yes,No Passengers in Vehicle,10.0,Clear
Cruise,AV,2022.0,2733.0,Yes,MAR-2023,04:29,San Francisco,CA ,Street,Wet,"Other, see Narrative",20.0,Dark - Lighted, , , , ,Rain, ,No Injuries Reported,Yes,Proceeding Straight,No,Yes,No Passengers in Vehicle,15.0,Rain
Cruise,AV,2022.0,2733.0,Yes,MAR-2023,04:29,San Francisco,CA ,Street,Wet,"Other, see Narrative",20.0,Dark - Lighted, , , , ,Rain, ,No Injuries Reported,Yes,Proceeding Straight,No,Yes,No Passengers in Vehicle,15.0,Rain
Cruise,AV,2023.0,4821.0,Yes,MAR-2023,3:26,San Francisco,CA ,Intersection,Dry,No Unusual Conditions,25.0,Dark - Lighted,Clear, , , , , ,Minor,Yes,Proceeding Straight,Yes,Yes,No Passengers in Vehicle,21.0,Clear
Cruise,AV,2023.0,4821.0,Yes,MAR-2023,3:26,San Francisco,CA ,Intersection,Dry,No Unusual Conditions,25.0,Dark - Lighted,Clear, , , , , ,Minor,Yes,Proceeding Straight,Yes,Yes,No Passengers in Vehicle,21.0,Clear
Jaguar,I-Pace,2021.0,23606.0,Yes,FEB-2023,07:23,San Francisco,CA ,Intersection,Dry,No Unusual Conditions,25.0,Daylight,Clear, , , , , ,No Injuries Reported,No,Stopped,No,No,No Passengers in Vehicle,0.0,Clear
Jaguar,I-Pace,2021.0,46863.0,Yes,FEB-2023,05:44,San Francisco,CA ,Intersection,Dry,No Unusual Conditions,25.0,Dark - Lighted,Clear, , , , , ,No Injuries Reported,No,Proceeding Straight,No,No,No Passengers in Vehicle,12.0,Clear
Jaguar,I-Pace,2021.0,23606.0,Yes,FEB-2023,07:23,San Francisco,CA ,Intersection,Dry,No Unusual Conditions,25.0,Daylight,Clear, , , , , ,No Injuries Reported,No,Stopped,No,No,No Passengers in Vehicle,0.0,Clear
Jaguar,I-Pace,2021.0,16847.0,Yes,FEB-2023,00:15,San Francisco,CA ,Intersection,Wet,No Unusual Conditions,25.0,Dark - Lighted, , , , ,Rain, ,No Injuries Reported,No,Making Left Turn,No,No,No Passengers in Vehicle,14.0,Rain
Cruise,AV,2022.0,1111.0,Yes,MAR-2023,01:06,San Francisco,CA ,Intersection,Dry,No Unusual Conditions,25.0,Dawn / Dusk,Clear, , , , , ,No Injuries Reported,Yes,Making Left Turn,No,Yes,No Passengers in Vehicle,3.0,Clear
Cruise,AV,2022.0,1111.0,Yes,MAR-2023,01:06,San Francisco,CA ,Intersection,Dry,No Unusual Conditions,25.0,Dark - Lighted,Clear, , , , , ,No Injuries Reported,Yes,Making Left Turn,No,Yes,No Passengers in Vehicle,3.0,Clear
Cruise,AV,2023.0,1129.0,Yes,FEB-2023,00:29,San Francisco,CA ,Street,Dry,No Unusual Conditions,25.0,Dark - Lighted,Clear, , , , , ,No Injuries Reported,Yes,Merging,No,No,No Passengers in Vehicle,24.0,Clear
Cruise,AV,2022.0,4632.0,Yes,FEB-2023,02:05,San Fancisco,CA ,Street,Dry,No Unusual Conditions,25.0,Dark - Lighted,Clear, , , , , ,No Injuries Reported,Yes,Stopped,No,No,No Passengers in Vehicle,0.0,Clear
Toyota,Highlander,2016.0,76298.0,Yes,FEB-2023,18:06,San Francisco,CA ,Street,Dry,No Unusual Conditions,25.0,Dark - Lighted,Clear, , , , , ,Minor,Yes,Stopped,No,No,Yes,0.0,Clear
Toyota,Highlander,2016.0,76168.0,Yes,FEB-2023,13:27,San Francisco,CA ,Street,Dry,No Unusual Conditions,25.0,Daylight,Clear, , , , , ,Minor,Yes,Stopped,No,No,Yes,0.0,Clear
Toyota,Highlander,2016.0,89239.0,Yes,FEB-2023,14:28,San Francisco,CA ,Intersection,Dry,No Unusual Conditions,25.0,Daylight,Clear, , , , , ,Minor,Yes,Making Right Turn,No,No,Yes,7.0,Clear
Toyota,Highlander,2016.0,73157.0,Yes,JAN-2023,18:40,San Francisco,CA ,Street,Dry,No Unusual Conditions,25.0,Dark - Lighted,Clear, , , , , ,No Injuries Reported,Yes,Proceeding Straight,No,No,Yes,3.0,Clear
Cruise,AV,2023.0,1129.0,Yes,FEB-2023,00:29,San Francisco,CA ,Street,Dry,No Unusual Conditions,25.0,Dark - Lighted,Clear, , , , , ,No Injuries Reported,Yes,Merging,No,No,No Passengers in Vehicle,24.0,Clear
Cruise,AV,2022.0,4362.0,Yes,FEB-2023,02:05,San Francisco,CA ,Street,Dry,No Unusual Conditions,25.0,Dark - Lighted,Clear, , , , , ,No Injuries Reported,Yes,Stopped,No,No,No Passengers in Vehicle,0.0,Clear
Cruise,AV,2022.0,1111.0,Yes,MAR-2023,01:06,San Francisco,CA ,Intersection,Dry,No Unusual Conditions,25.0,Dawn / Dusk,Clear, , , , , ,No Injuries Reported,Yes,Making Left Turn,No,Yes,No Passengers in Vehicle,3.0,Clear
Cruise,AV,2022.0,1111.0,Yes,MAR-2023,01:06,San Francisco,CA ,Intersection,Dry,No Unusual Conditions,25.0,Dark - Lighted,Clear, , , , , ,No Injuries Reported,Yes,Making Left Turn,No,Yes,No Passengers in Vehicle,3.0,Clear
Cruise,AV,2023.0,2126.0,Yes,FEB-2023,00:39,San Francisco,CA ,Intersection,Dry,No Unusual Conditions,25.0,Dark - Lighted,Clear, , , , , ,No Injuries Reported,Yes,Proceeding Straight,No,Yes,No Passengers in Vehicle,7.0,Clear
Cruise,AV,2023.0,2126.0,Yes,FEB-2023,00:39,San Francisco,CA ,Intersection,Dry,No Unusual Conditions,25.0,Dark - Lighted,Clear, , , , , ,No Injuries Reported,Yes,Proceeding Straight,No,Yes,No Passengers in Vehicle,7.0,Clear
Jaguar,I-Pace,2021.0,22991.0,Yes,JAN-2023,17:08,San Francisco,CA ,Intersection,Dry,No Unusual Conditions,35.0,Daylight,Clear, , , , , ,No Injuries Reported,Yes,Proceeding Straight,No,No,Yes,34.0,Clear
Jaguar,I-Pace,2021.0,22991.0,Yes,JAN-2023,17:08,San Francisco,CA ,Intersection,Dry,No Unusual Conditions,35.0,Daylight,Clear, , , , , ,No Injuries Reported,Yes,Proceeding Straight,No,No,Yes,34.0,Clear
Cruise,AV,2023.0,2126.0,Yes,FEB-2023,00:39,San Francisco,CA ,Intersection,Dry,No Unusual Conditions,25.0,Dark - Lighted,Clear, , , , , ,No Injuries Reported,Yes,Proceeding Straight,No,Yes,No Passengers in Vehicle,7.0,Clear
Cruise,AV,2023.0,2126.0,Yes,FEB-2023,00:39,San Francisco,CA ,Intersection,Dry,No Unusual Conditions,25.0,Dark - Lighted,Clear, , , , , ,No Injuries Reported,Yes,Proceeding Straight,No,Yes,No Passengers in Vehicle,7.0,Clear
Jaguar,I-Pace,2021.0,20087.0,Yes,DEC-2022,12:35,San Francisco,CA ,Intersection,Dry,No Unusual Conditions,30.0,Daylight,Clear, , , , , ,No Injuries Reported,Yes,Stopped,No,No,Yes,0.0,Clear
Jaguar,I-Pace,2021.0,34517.0,Yes,DEC-2022,03:15,San Francisco,CA ,Intersection,Wet,No Unusual Conditions,30.0,Dark - Lighted, , , , ,Rain, ,No Injuries Reported,Yes,Stopped,No,No,Yes,0.0,Rain
Jaguar,I- Pace,2021.0,31404.0,Yes,DEC-2022,16:54,San Francisco,CA ,Intersection,Dry,No Unusual Conditions,25.0,Dawn / Dusk,Clear, , , , , ,No Injuries Reported,Yes,Stopped,No,No,Yes,0.0,Clear
Jaguar,I- Pace,2021.0,31404.0,Yes,DEC-2022,16:54,San Francisco,CA ,Intersection,Dry,No Unusual Conditions,25.0,Dawn / Dusk,Clear, , , , , ,No Injuries Reported,Yes,Stopped,No,No,Yes,0.0,Clear
Jaguar,I-Pace,2021.0,34517.0,Yes,DEC-2022,03:15,San Francisco,CA ,Intersection,Wet,No Unusual Conditions,30.0,Dark - Lighted, , , , ,Rain, ,No Injuries Reported,Yes,Stopped,No,No,Yes,0.0,Rain
Jaguar,I- Pace,2021.0,31404.0,Yes,DEC-2022,16:54,San Francisco,CA ,Intersection,Dry,No Unusual Conditions,25.0,Dawn / Dusk,Clear, , , , , ,No Injuries Reported,Yes,Stopped,No,No,Yes,0.0,Clear
Jaguar,I-Pace,2021.0,20087.0,Yes,DEC-2022,12:35,San Francisco,CA ,Intersection,Dry,No Unusual Conditions,30.0,Daylight,Clear, , , , , ,No Injuries Reported,Yes,Stopped,No,No,Yes,0.0,Clear
Jaguar,I- Pace,2021.0,31404.0,Yes,DEC-2022,16:54,San Francisco,CA ,Intersection,Dry,No Unusual Conditions,25.0,Dawn / Dusk,Clear, , , , , ,No Injuries Reported,Yes,Stopped,No,No,Yes,0.0,Clear
Jaguar,I-Pace,2021.0,34517.0,Yes,DEC-2022,03:15,San Francisco,CA ,Intersection,Wet,No Unusual Conditions,30.0,Dark - Lighted, , , , ,Rain, ,No Injuries Reported,Yes,Stopped,No,No,Yes,0.0,Rain